,titular,diario,fecha,todo
0," El Programa de Ana Rosa ' califica el acoso de nazis a Pablo Iglesias como "" jarabe democrático "" ",El Español,31-03-2021," El Programa de Ana Rosa ' califica el acoso de nazis a Pablo Iglesias como "" jarabe democrático ""  (El Español, 31-03-2021) | "
1,"Abascal contra Enrique Santiago , nuevo secretario de Estado : "" Sueña con asesinar a los Reyes "" ",El Español,01-04-2021,"Abascal contra Enrique Santiago , nuevo secretario de Estado : "" Sueña con asesinar a los Reyes ""  (El Español, 01-04-2021) | "
2,Ada Colau : Díaz Ayuso representa el neofascismo  ,ABC,17-03-2021,"Ada Colau : Díaz Ayuso representa el neofascismo   (ABC, 17-03-2021) | "
3,"Alberto Garzón : "" Hay una derecha capitaneada por Ayuso y por Vox que hace bandera de la desigualdad en España "" ",eldiario.es,03/04-2021,"Alberto Garzón : "" Hay una derecha capitaneada por Ayuso y por Vox que hace bandera de la desigualdad en España ""  (eldiario.es, 03/04-2021) | "
4,"Almeida : "" ¿ Madrileñofobia ? Moncloa estigmatiza Madrid porque es la gran amenaza para Sánchez "" ",El Mundo,27-03-2021,"Almeida : "" ¿ Madrileñofobia ? Moncloa estigmatiza Madrid porque es la gran amenaza para Sánchez ""  (El Mundo, 27-03-2021) | "
5,Almeida afirma que Iglesias está mucho más cerca de la cárcel de lo que estará Ayuso en su vida  ,El Español,22-03-2021,"Almeida afirma que Iglesias está mucho más cerca de la cárcel de lo que estará Ayuso en su vida   (El Español, 22-03-2021) | "
6,"Así funciona Bastión Frontal , el grupo neonazi que surge con violencia en barrios obreros",El Español,03-04-2021,"Así funciona Bastión Frontal , el grupo neonazi que surge con violencia en barrios obreros (El Español, 03-04-2021) | "
7,Así se han roto los dos años de amor y odio en el gobierno de Madrid,Público,marzo de 2021,"Así se han roto los dos años de amor y odio en el gobierno de Madrid (Público, marzo de 2021) | "
8,"Atacan con material explosivo la sede de Podemos en Cartagena : "" Es un atentado terrorista "" ",El Español,02-04-2021,"Atacan con material explosivo la sede de Podemos en Cartagena : "" Es un atentado terrorista ""  (El Español, 02-04-2021) | "
9,Ayuso : Pablo Iglesias es odio. Lleva un programa que fomenta la expropiación y okupación  ,El Español,22-03-2021,"Ayuso : Pablo Iglesias es odio. Lleva un programa que fomenta la expropiación y okupación   (El Español, 22-03-2021) | "
10,Ayuso acusa a Sánchez de llevar a una preguerra civil a España : Disfruta viendo todo arder  ,El Español,19-02-2021,"Ayuso acusa a Sánchez de llevar a una preguerra civil a España : Disfruta viendo todo arder   (El Español, 19-02-2021) | "
11,"Ayuso acusa a Sánchez de querer acabar con el modelo del 78 por pactar con Podemos , ser socio de golpistas o acercar al asesino de Miguel Ángel Blanco",El Mundo,05-04-2021,"Ayuso acusa a Sánchez de querer acabar con el modelo del 78 por pactar con Podemos , ser socio de golpistas o acercar al asesino de Miguel Ángel Blanco (El Mundo, 05-04-2021) | "
12,Ayuso aprieta el botón rojo : así fulminó a los consejeros de Cs para adelantarse a una moción  ,ABC,11-03-2021,"Ayuso aprieta el botón rojo : así fulminó a los consejeros de Cs para adelantarse a una moción   (ABC, 11-03-2021) | "
13,Ayuso dice que cuando hay un movimiento terrorista siempre están los apellidos de Podemos detrás,Público,marzo de 2021,"Ayuso dice que cuando hay un movimiento terrorista siempre están los apellidos de Podemos detrás (Público, marzo de 2021) | "
14,Ayuso dice que le repugna el paternalismo de por tu bien bajo el que se quiere cerrar perimetralmente  ,ABC,08-03-2021,"Ayuso dice que le repugna el paternalismo de por tu bien bajo el que se quiere cerrar perimetralmente   (ABC, 08-03-2021) | "
15,"Ayuso responde al « acoso » de Sánchez : « El PSOE es un refugio de golpistas , batasunos , okupas y bolivarianos »",ABC,05-04-2021,"Ayuso responde al « acoso » de Sánchez : « El PSOE es un refugio de golpistas , batasunos , okupas y bolivarianos » (ABC, 05-04-2021) | "
16,"Ayuso reta a Sánchez tras sus "" ataques "" a Madrid : "" Mirándole a los ojos , nos vemos el 4-M en las urnas "" ",El Español,05-04-2021,"Ayuso reta a Sánchez tras sus "" ataques "" a Madrid : "" Mirándole a los ojos , nos vemos el 4-M en las urnas ""  (El Español, 05-04-2021) | "
17,Ayuso se blinda con un núcleo de puro PP y Toni Cantó como número 5,ABC,31-03-2021,"Ayuso se blinda con un núcleo de puro PP y Toni Cantó como número 5 (ABC, 31-03-2021) | "
18,Ayuso sondea a cargos de Ciudadanos mientras avanza la sangría de bajas  ,El País,16-03-2021,"Ayuso sondea a cargos de Ciudadanos mientras avanza la sangría de bajas   (El País, 16-03-2021) | "
19,"Ayuso y Aguado : en guerra ayer, hoy y mañana  ",El País,11-03-2021,"Ayuso y Aguado : en guerra ayer, hoy y mañana   (El País, 11-03-2021) | "
20,Ayuso y Almeida exigen a Sánchez que destituya a Iglesias por alentar a los que dinamitan la convivencia  ,ABC,18-02-2021,"Ayuso y Almeida exigen a Sánchez que destituya a Iglesias por alentar a los que dinamitan la convivencia   (ABC, 18-02-2021) | "
21,"Ayuso, sobre Iglesias: «Es puro odio y le gustaría ver a sus adversarios políticos en la cárcel»",ABC,22-03-2021,"Ayuso, sobre Iglesias: «Es puro odio y le gustaría ver a sus adversarios políticos en la cárcel» (ABC, 22-03-2021) | "
22,Bal no detiene la sangría  ,ABC,21-03-2021,"Bal no detiene la sangría   (ABC, 21-03-2021) | "
23,Batalla decisiva en el centroderecha  ,El País,13-03-2021,"Batalla decisiva en el centroderecha   (El País, 13-03-2021) | "
24,"Bertrand Ndongo , asesor de Rocío Monasterio , se rebela contra su partido : "" Damos la razón a los que piensan que Vox es racista "" ",El Mundo,06-04-2021,"Bertrand Ndongo , asesor de Rocío Monasterio , se rebela contra su partido : "" Damos la razón a los que piensan que Vox es racista ""  (El Mundo, 06-04-2021) | "
25,"Calviño , Díaz y Belarra prometen sus nuevos cargos ante el Rey tras la marcha de Iglesias del Gobierno",ABC,31-03-2021,"Calviño , Díaz y Belarra prometen sus nuevos cargos ante el Rey tras la marcha de Iglesias del Gobierno (ABC, 31-03-2021) | "
26,"Cárcel, exilio o ser asesinados Las Juventudes Socialistas dispuestas a lo que sea contra Ayuso  ",ABC,23-03-2021,"Cárcel, exilio o ser asesinados Las Juventudes Socialistas dispuestas a lo que sea contra Ayuso   (ABC, 23-03-2021) | "
27,Casado pospone la batalla por el control del PP de Madrid que enfrenta a Ayuso y Almeida,Público,marzo de 2021,"Casado pospone la batalla por el control del PP de Madrid que enfrenta a Ayuso y Almeida (Público, marzo de 2021) | "
28,"Casado y Ayuso : Si Ciudadanos se atreve en Murcia, apretamos el botón nuclear  ",El País,10-03-2021,"Casado y Ayuso : Si Ciudadanos se atreve en Murcia, apretamos el botón nuclear   (El País, 10-03-2021) | "
29,"Casado, tras conocer que Iglesias se presenta a la Comunidad de Madrid : Comunismo o libertad  ",ABC,15-03-2021,"Casado, tras conocer que Iglesias se presenta a la Comunidad de Madrid : Comunismo o libertad   (ABC, 15-03-2021) | "
30,Ceses por decenas en la batalla a sangre y fuego de los exsocios PP y Cs en Madrid  ,ABC,15-03-2021,"Ceses por decenas en la batalla a sangre y fuego de los exsocios PP y Cs en Madrid   (ABC, 15-03-2021) | "
31,Cinco argumentos para vaticinar la muerte de Ciudadanos y los cinco antídotos de Arrimadas,El Español,26-03-2021,"Cinco argumentos para vaticinar la muerte de Ciudadanos y los cinco antídotos de Arrimadas (El Español, 26-03-2021) | "
32,Cintora manipula en TVE las palabras de una turista para atacar a Ayuso,ABC,31-03-2021,"Cintora manipula en TVE las palabras de una turista para atacar a Ayuso (ABC, 31-03-2021) | "
33,Ciudadanos : suicidio o resurrección  ,El Español,11-03-2021,"Ciudadanos : suicidio o resurrección   (El Español, 11-03-2021) | "
34,Comunismo fetén,ABC,01-04-2021,"Comunismo fetén (ABC, 01-04-2021) | "
35,Comunismo o Díaz Ayuso  ,ABC,16-03-2021,"Comunismo o Díaz Ayuso   (ABC, 16-03-2021) | "
36,Comunismo o libertad : un eslogan que desnuda a Iglesias,El Español,05-04-2021,"Comunismo o libertad : un eslogan que desnuda a Iglesias (El Español, 05-04-2021) | "
37,Condenado por golpear a un guardia civil durante una protesta frente a la casa de Iglesias y Montero  ,El País,05-02-2021,"Condenado por golpear a un guardia civil durante una protesta frente a la casa de Iglesias y Montero   (El País, 05-02-2021) | "
38,"Cuando te llaman fascista, lo estás haciendo bien : la frase de Ayuso que ha dinamitado la Red  ",El Español,15-03-2021,"Cuando te llaman fascista, lo estás haciendo bien : la frase de Ayuso que ha dinamitado la Red   (El Español, 15-03-2021) | "
39,Delegado del Gobierno : Me gustaría que Podemos condenase la violencia  ,El País,19-02-2021,"Delegado del Gobierno : Me gustaría que Podemos condenase la violencia   (El País, 19-02-2021) | "
40,Díaz capitaneará Unidas Podemos en La Moncloa e Iglesias seguirá apretando a Sánchez desde fuera,ABC,02-04-2021,"Díaz capitaneará Unidas Podemos en La Moncloa e Iglesias seguirá apretando a Sánchez desde fuera (ABC, 02-04-2021) | "
41,"El 4-M reedita la guerra Sánchez-Iglesias : el PSOE veta a los "" extremistas "" y Podemos a Ciudadanos",El Español,28-03-2021,"El 4-M reedita la guerra Sánchez-Iglesias : el PSOE veta a los "" extremistas "" y Podemos a Ciudadanos (El Español, 28-03-2021) | "
42,El adelanto electoral en Madrid fuerza a los partidos a un cambio radical de estrategias,El País,27-03-2021,"El adelanto electoral en Madrid fuerza a los partidos a un cambio radical de estrategias (El País, 27-03-2021) | "
43,El bloque de izquierda se rearma en Madrid empujado por el oxígeno del CIS,El País,05-04-2021,"El bloque de izquierda se rearma en Madrid empujado por el oxígeno del CIS (El País, 05-04-2021) | "
44,El cierre perimetral de Semana Santa resucita el fantasma de la madrileñofobia en Valencia  ,ABC,09-03-2021,"El cierre perimetral de Semana Santa resucita el fantasma de la madrileñofobia en Valencia   (ABC, 09-03-2021) | "
45,El cisma de Galapagar : Iglesias aceptó el sacrificio tras el no de Garzón y Montero,El Español,27-03-2021,"El cisma de Galapagar : Iglesias aceptó el sacrificio tras el no de Garzón y Montero (El Español, 27-03-2021) | "
46,El dardo de Mónica García a Iglesias : Cansadas de hacer el trabajo sucio para que luego nos aparten  ,El Español,16-03-2021,"El dardo de Mónica García a Iglesias : Cansadas de hacer el trabajo sucio para que luego nos aparten   (El Español, 16-03-2021) | "
47,El detalle de la bronca entre Pablo Iglesias y los neonazis que desata la burla de Twitter,El Español,31-03-2021,"El detalle de la bronca entre Pablo Iglesias y los neonazis que desata la burla de Twitter (El Español, 31-03-2021) | "
48,El Gran Wyoming a un Pablo Iglesias incendiario : A este paso no le van a votar ni los suyos  ,El Español,15-03-2021,"El Gran Wyoming a un Pablo Iglesias incendiario : A este paso no le van a votar ni los suyos   (El Español, 15-03-2021) | "
49,"El grupo que increpó a Iglesias en Coslada es Bastión Frontal , los neonazis más activos en Madrid",ABC,01-04-2021,"El grupo que increpó a Iglesias en Coslada es Bastión Frontal , los neonazis más activos en Madrid (ABC, 01-04-2021) | "
50,El líder del PSOE de Castilla y León critica la batalla de Madrid para ser zona catastrófica  ,ABC,11-01-2021,"El líder del PSOE de Castilla y León critica la batalla de Madrid para ser zona catastrófica   (ABC, 11-01-2021) | "
51,"El Madrid de Vox : evitar el "" asalto "" de Iglesias , sin toque de queda y 'blindar ' los barrios ante el "" miedo "" ",El Español,30-03-2021,"El Madrid de Vox : evitar el "" asalto "" de Iglesias , sin toque de queda y 'blindar ' los barrios ante el "" miedo ""  (El Español, 30-03-2021) | "
52,El PP : Estos Presupuestos esconden una traición de Pedro Sánchez a España  ,El País,3-12-2020,"El PP : Estos Presupuestos esconden una traición de Pedro Sánchez a España   (El País, 3-12-2020) | "
53,El PP aragonés no ve amenazadas sus coaliciones municipales con Cs tras el cisma de Madrid y Murcia  ,ABC,11-03-2021,"El PP aragonés no ve amenazadas sus coaliciones municipales con Cs tras el cisma de Madrid y Murcia   (ABC, 11-03-2021) | "
54,El PP asume que el Gobierno usará una cuarta ola para atacar a Ayuso,ABC,31-03-2021,"El PP asume que el Gobierno usará una cuarta ola para atacar a Ayuso (ABC, 31-03-2021) | "
55,El PP exige a la « maquinaria de Moncloa » que pare el juego sucio y sus ataques contra Isabel Díaz Ayuso,ABC,31-03-2021,"El PP exige a la « maquinaria de Moncloa » que pare el juego sucio y sus ataques contra Isabel Díaz Ayuso (ABC, 31-03-2021) | "
56,El PP sigue la estela de Vox al llevar al Congreso la equiparación del nazismo y comunismo​,Público,marzo de 2021,"El PP sigue la estela de Vox al llevar al Congreso la equiparación del nazismo y comunismo​ (Público, marzo de 2021) | "
57,El PSOE combatirá el lema Socialismo o libertad de Ayuso con una campaña de Ultraderecha o libertad  ,El Español,15-03-2021,"El PSOE combatirá el lema Socialismo o libertad de Ayuso con una campaña de Ultraderecha o libertad   (El Español, 15-03-2021) | "
58,"El reparto de los fondos europeos, otro frente abierto en la guerra de Ayuso contra Sánchez",Público,marzo de 2021,"El reparto de los fondos europeos, otro frente abierto en la guerra de Ayuso contra Sánchez (Público, marzo de 2021) | "
59,"Enrique López , número 4 de la lista del PP en Madrid : "" La campaña del 'turismo de borrachera ' ideada por Moncloa es miserable y sólo busca atacar a Ayuso "" ",El Mundo,05-04-2021,"Enrique López , número 4 de la lista del PP en Madrid : "" La campaña del 'turismo de borrachera ' ideada por Moncloa es miserable y sólo busca atacar a Ayuso ""  (El Mundo, 05-04-2021) | "
60,"Enrique Santiago : "" El PP añora el franquismo e Iglesias es un referente para los demócratas "" ",El Español,06-04-2021,"Enrique Santiago : "" El PP añora el franquismo e Iglesias es un referente para los demócratas ""  (El Español, 06-04-2021) | "
61,Es evidente la apuesta por la violencia que se impone entre los comunistas de Podemos  ,ABC,23-03-2021,"Es evidente la apuesta por la violencia que se impone entre los comunistas de Podemos   (ABC, 23-03-2021) | "
62,Explosivas  ,El País,12-03-2021,"Explosivas   (El País, 12-03-2021) | "
63,Gabilondo e Iglesias tiran de la vivienda para el arranque de campaña en plena batalla dentro del Gobierno,eldiario.es,marzo de 2021,"Gabilondo e Iglesias tiran de la vivienda para el arranque de campaña en plena batalla dentro del Gobierno (eldiario.es, marzo de 2021) | "
64,"Iglesias justifica su candidatura en Madrid para acabar con la última "" trinchera "" que resiste al "" gobierno de coalición "" ",El Mundo,27-03-2021,"Iglesias justifica su candidatura en Madrid para acabar con la última "" trinchera "" que resiste al "" gobierno de coalición ""  (El Mundo, 27-03-2021) | "
65,"Iglesias se encara con 4 radicales en Coslada que le gritaron "" fuera la casta de nuestros barrios "" ",El Español,30-03-2021,"Iglesias se encara con 4 radicales en Coslada que le gritaron "" fuera la casta de nuestros barrios ""  (El Español, 30-03-2021) | "
66,Iglesias se va del Congreso atacando a Ayuso : La UME encontró a ancianos conviviendo con muertos  ,El Español,24-03-2021,"Iglesias se va del Congreso atacando a Ayuso : La UME encontró a ancianos conviviendo con muertos   (El Español, 24-03-2021) | "
67,Iglesias y la guerra de guerrillas  ,El País,14-11-2020,"Iglesias y la guerra de guerrillas   (El País, 14-11-2020) | "
68,"Igualdad, para Irene, dijo Pablo : así empezó la guerra entre Calvo y Montero por el feminismo  ",El Español,27-02-2021,"Igualdad, para Irene, dijo Pablo : así empezó la guerra entre Calvo y Montero por el feminismo   (El Español, 27-02-2021) | "
69,Illa entra en campaña y acusa a Ayuso de desleal : « Ha estado más centrada en atacar al Gobierno »,ABC,05-04-2021,"Illa entra en campaña y acusa a Ayuso de desleal : « Ha estado más centrada en atacar al Gobierno » (ABC, 05-04-2021) | "
70,Isabel Díaz Ayuso concentra el voto útil y se dispara hacia una gran mayoría a un mes de las elecciones en Madrid,El Mundo,03-04-2021,"Isabel Díaz Ayuso concentra el voto útil y se dispara hacia una gran mayoría a un mes de las elecciones en Madrid (El Mundo, 03-04-2021) | "
71,"Javier Cercas : "" Ni el comunismo es hoy un peligro ni lo es el fascismo "" ",eldiario.es,03/04-2021,"Javier Cercas : "" Ni el comunismo es hoy un peligro ni lo es el fascismo ""  (eldiario.es, 03/04-2021) | "
72,La banalización del fascismo,El País,01-04-2021,"La banalización del fascismo (El País, 01-04-2021) | "
73,La batalla capital de Madrid  ,El País,16-03-2021,"La batalla capital de Madrid   (El País, 16-03-2021) | "
74,"La batalla por Madrid : PSOE, Más Madrid y Cs reivindican la moderación ante Ayuso e Iglesias  ",El País,20-03-2021,"La batalla por Madrid : PSOE, Más Madrid y Cs reivindican la moderación ante Ayuso e Iglesias   (El País, 20-03-2021) | "
75,La derecha asesina,ABC,22-03-2021,"La derecha asesina (ABC, 22-03-2021) | "
76,La guerra PP-Cs dinamita el pacto de presupuestos el mismo día que iba a firmarse  ,ABC,11-03-2021,"La guerra PP-Cs dinamita el pacto de presupuestos el mismo día que iba a firmarse   (ABC, 11-03-2021) | "
77,La izquierda reclama a Ayuso que ayude a las familias vulnerables tras su carta amenazadora,Público,marzo de 2021,"La izquierda reclama a Ayuso que ayude a las familias vulnerables tras su carta amenazadora (Público, marzo de 2021) | "
78,"La izquierda violenta vuelve a la calle : más radicales, organizados y contra Díaz Ayuso  ",ABC,16-03-2021,"La izquierda violenta vuelve a la calle : más radicales, organizados y contra Díaz Ayuso   (ABC, 16-03-2021) | "
79,La libertad madrileña y sus enemigos  ,El País,08-01-2021,"La libertad madrileña y sus enemigos   (El País, 08-01-2021) | "
80,La novia de la muerte,El País,06-04-2021,"La novia de la muerte (El País, 06-04-2021) | "
81,La política se enfanga en el Congreso ante la batalla electoral por Madrid  ,El País,18-03-2021,"La política se enfanga en el Congreso ante la batalla electoral por Madrid   (El País, 18-03-2021) | "
82,La principal batalla de la izquierda el 4M será contra la abstención,eldiario.es,abril de 2021,"La principal batalla de la izquierda el 4M será contra la abstención (eldiario.es, abril de 2021) | "
83,La sede de Podemos Cartagena sufre un ataque con material explosivo,ABC,04-04-2021,"La sede de Podemos Cartagena sufre un ataque con material explosivo (ABC, 04-04-2021) | "
84,La traición de Ayuso a la Campos  ,El País,11-03-2021,"La traición de Ayuso a la Campos   (El País, 11-03-2021) | "
85,La última batalla de Iglesias  ,El País,21-03-2021,"La última batalla de Iglesias   (El País, 21-03-2021) | "
86,Las batallas internas se multiplican en el Ejecutivo por la agenda social  ,El País,15-12-2020,"Las batallas internas se multiplican en el Ejecutivo por la agenda social   (El País, 15-12-2020) | "
87,"Los 15 meses de Iglesias en La Moncloa : ataques a la prensa , la monarquía y la democracia española",ABC,31-03-2021,"Los 15 meses de Iglesias en La Moncloa : ataques a la prensa , la monarquía y la democracia española (ABC, 31-03-2021) | "
88,Los datos desmontan los ataques de Podemos : « Madrid es la ciudad más abierta para salir del armario »,ABC,25-03-2021,"Los datos desmontan los ataques de Podemos : « Madrid es la ciudad más abierta para salir del armario » (ABC, 25-03-2021) | "
89,Los dinamiteros de Podemos-ERC  ,El País,12-11-2020,"Los dinamiteros de Podemos-ERC   (El País, 12-11-2020) | "
90,Los provocadores y fabricantes de bulos se preparan para la guerra digital del 4-M  ,El País,22-03-2021,"Los provocadores y fabricantes de bulos se preparan para la guerra digital del 4-M   (El País, 22-03-2021) | "
91,Madrid: la última batalla de Pablo Iglesias en la plaza que vio nacer a Podemos,eldiario.es,marzo de 2021,"Madrid: la última batalla de Pablo Iglesias en la plaza que vio nacer a Podemos (eldiario.es, marzo de 2021) | "
92,Monedero agita el odio en Vallecas ( y ayuda a Vox),El Español,05-04-2021,"Monedero agita el odio en Vallecas ( y ayuda a Vox) (El Español, 05-04-2021) | "
93,"Pablo Iglesias , ratificado por la militancia como candidato de Podemos a la Presidencia de la Comunidad de Madrid",El Mundo,28-03-2021,"Pablo Iglesias , ratificado por la militancia como candidato de Podemos a la Presidencia de la Comunidad de Madrid (El Mundo, 28-03-2021) | "
94,Pablo Iglesias incendia la precampaña en Madrid : Ayuso acabará imputada y en prisión  ,El Español,19-03-2021,"Pablo Iglesias incendia la precampaña en Madrid : Ayuso acabará imputada y en prisión   (El Español, 19-03-2021) | "
95,"Pablo Iglesias se inspiró en Juego de Tronos en su golpe en Madrid : él es Tyrion y Ayuso, la Khaleesi  ",El Español,21-03-2021,"Pablo Iglesias se inspiró en Juego de Tronos en su golpe en Madrid : él es Tyrion y Ayuso, la Khaleesi   (El Español, 21-03-2021) | "
96,Patria o muerte  ,El País,13-03-2021,"Patria o muerte   (El País, 13-03-2021) | "
97,"Podemos, más sofista que comunista  ",El Español,05-03-2021,"Podemos, más sofista que comunista   (El Español, 05-03-2021) | "
98,Por qué la guerra de la izquierda contra el Zendal ha ido demasiado lejos y se le puede volver en contra  ,El Español,14-02-2021,"Por qué la guerra de la izquierda contra el Zendal ha ido demasiado lejos y se le puede volver en contra   (El Español, 14-02-2021) | "
99,Pradera amenaza de muerte a Ayuso: Hay que sacar la macheta del carnicero para cortarle el cuello  ,ABC,20-03-2021,"Pradera amenaza de muerte a Ayuso: Hay que sacar la macheta del carnicero para cortarle el cuello   (ABC, 20-03-2021) | "
100,Revilla prevé una bomba de Covid en Madrid en 15 días y Ayuso le responde : Parece que es virólogo  ,El Español,23-03-2021,"Revilla prevé una bomba de Covid en Madrid en 15 días y Ayuso le responde : Parece que es virólogo   (El Español, 23-03-2021) | "
101,Sánchez acusa al PP de dinamitar la renovación del CGPJ vetando a los jueces que quiere Podemos  ,El Español,26-02-2021,"Sánchez acusa al PP de dinamitar la renovación del CGPJ vetando a los jueces que quiere Podemos   (El Español, 26-02-2021) | "
102,"Sánchez arremete contra Ayuso por contraponer comunismo y libertad : "" Cualquiera con dos dedos de frente sabe que ese dilema es falso "" ",El Mundo,04-04-2021,"Sánchez arremete contra Ayuso por contraponer comunismo y libertad : "" Cualquiera con dos dedos de frente sabe que ese dilema es falso ""  (El Mundo, 04-04-2021) | "
103,Sánchez se sirve de datos sesgados para atacar a Díaz Ayuso,ABC,05-04-2021,"Sánchez se sirve de datos sesgados para atacar a Díaz Ayuso (ABC, 05-04-2021) | "
104,Serigne Mbayé : “ Madrid es muy racista ”,El País,01-04-2021,"Serigne Mbayé : “ Madrid es muy racista ” (El País, 01-04-2021) | "
105,Sola ante el peligro  ,ABC,17-03-2021,"Sola ante el peligro   (ABC, 17-03-2021) | "
106,Suicidios ejemplares  ,El País,12-03-2021,"Suicidios ejemplares   (El País, 12-03-2021) | "
107,"Telemadrid, el servicio público como arma política  ",El País,14-02-2021,"Telemadrid, el servicio público como arma política   (El País, 14-02-2021) | "
108,"Toni Cantó llama a "" unir fuerzas "" y alerta : "" El peligro de que gobiernen Sánchez e Iglesias es real "" ",El Español,25-03-2021,"Toni Cantó llama a "" unir fuerzas "" y alerta : "" El peligro de que gobiernen Sánchez e Iglesias es real ""  (El Español, 25-03-2021) | "
109,Un grupo de radicales increpa a Iglesias en Coslada : « Fuera la casta de nuestros barrios »,ABC,31-03-2021,"Un grupo de radicales increpa a Iglesias en Coslada : « Fuera la casta de nuestros barrios » (ABC, 31-03-2021) | "
110,Un peligro suelto,ABC,05-04-2021,"Un peligro suelto (ABC, 05-04-2021) | "
111,Usted tiene ojos de mujer fascista,El Español,03-04-2021,"Usted tiene ojos de mujer fascista (El Español, 03-04-2021) | "
112,Vox ataca a Ayuso y asegura que «no va a aglutinar» el voto del centro derecha y que sus resultados serán «extraordinarios»,ABC,30-03-2021,"Vox ataca a Ayuso y asegura que «no va a aglutinar» el voto del centro derecha y que sus resultados serán «extraordinarios» (ABC, 30-03-2021) | "
113,Ximo Puig carga contra el Comunismo o libertad de Ayuso en Madrid : Trata a los ciudadanos como idiotas  ,ABC,20-03-2021,"Ximo Puig carga contra el Comunismo o libertad de Ayuso en Madrid : Trata a los ciudadanos como idiotas   (ABC, 20-03-2021) | "
114,"Y ahora, qué demonios hacemos con los comunistas  ",El País,16-03-2021,"Y ahora, qué demonios hacemos con los comunistas   (El País, 16-03-2021) | "
115,El excepcionalismo disparatado de Ayuso,El País,07-04-2021,"El excepcionalismo disparatado de Ayuso (El País, 07-04-2021) | "
116,Ayuso usa la vacuna Sputnik para arremeter contra la gestión de Sánchez,El País,06-04-2021,"Ayuso usa la vacuna Sputnik para arremeter contra la gestión de Sánchez (El País, 06-04-2021) | "
117,Iglesias retoma su guerra contra los periodistas y les acusa de inducir ataques racistas y homófobos,El Español,08-04-2021,"Iglesias retoma su guerra contra los periodistas y les acusa de inducir ataques racistas y homófobos (El Español, 08-04-2021) | "
118,En defensa de Carlos Herrera : Podemos es sólo odio y miedo,El Español,08-04-2021,"En defensa de Carlos Herrera : Podemos es sólo odio y miedo (El Español, 08-04-2021) | "
119,"Iglesias acusa a "" Abascal y sus matones "" de provocar la "" carga "" policial y la "" violencia "" en Vallecas",El Español,07-04-2021,"Iglesias acusa a "" Abascal y sus matones "" de provocar la "" carga "" policial y la "" violencia "" en Vallecas (El Español, 07-04-2021) | "
120,Iglesias vincula el ataque a la sede de Podemos en Cartagena con las críticas de Carlos Herrera,El Español,07-04-2021,"Iglesias vincula el ataque a la sede de Podemos en Cartagena con las críticas de Carlos Herrera (El Español, 07-04-2021) | "
121,El ataque de Echenique a Televisión Española con un 'recado ' para Felipe VI,El Español,07-04-2021,"El ataque de Echenique a Televisión Española con un 'recado ' para Felipe VI (El Español, 07-04-2021) | "
122,"Iglesias utiliza la denuncia del futbolista Diakhaby en Cádiz para su campaña de que "" Madrid es racista "" ",El Español,06-04-2021,"Iglesias utiliza la denuncia del futbolista Diakhaby en Cádiz para su campaña de que "" Madrid es racista ""  (El Español, 06-04-2021) | "
123,Sánchez y Ayuso convierten la vacunación en el campo de batalla de la campaña del 4-M,El Español,07-04-2021,"Sánchez y Ayuso convierten la vacunación en el campo de batalla de la campaña del 4-M (El Español, 07-04-2021) | "
124,"Gabilondo : "" Parece que entre comunismo o libertad , Ayuso elige Putin "" al sondear la vacuna rusa",El Español,06-04-2021,"Gabilondo : "" Parece que entre comunismo o libertad , Ayuso elige Putin "" al sondear la vacuna rusa (El Español, 06-04-2021) | "
125,El zasca de Martínez-Almeida a TVE tras un rótulo que arremete contra Madrid,El Español,31-03-2021,"El zasca de Martínez-Almeida a TVE tras un rótulo que arremete contra Madrid (El Español, 31-03-2021) | "
126,"Pedradas , botellazos y gritos de "" fascistas "" : cargas policiales , heridos y detenidos en la protesta violenta por el mitin de Vox",El Mundo,07-04-2021,"Pedradas , botellazos y gritos de "" fascistas "" : cargas policiales , heridos y detenidos en la protesta violenta por el mitin de Vox (El Mundo, 07-04-2021) | "
127,"Bertrand Ndongo , asesor de Vox , se rebela contra su partido : "" Damos la razón a los que piensan que Vox es racista "" ",El Mundo,06-04-2021,"Bertrand Ndongo , asesor de Vox , se rebela contra su partido : "" Damos la razón a los que piensan que Vox es racista ""  (El Mundo, 06-04-2021) | "
128,Cicatrices,El País,11-04-2021,"Cicatrices (El País, 11-04-2021) | "
129,La feroz batalla nacional por el poder de Madrid,El País,11-04-2021,"La feroz batalla nacional por el poder de Madrid (El País, 11-04-2021) | "
130,"La provocadora , el acelerado y el soso",El País,11-04-2021,"La provocadora , el acelerado y el soso (El País, 11-04-2021) | "
131,La Fiscalía pide un año de cárcel para un periodista de ‘ ok diario ’ por acoso a los hijos de Iglesias y Montero,El País,08-04-2021,"La Fiscalía pide un año de cárcel para un periodista de ‘ ok diario ’ por acoso a los hijos de Iglesias y Montero (El País, 08-04-2021) | "
132,La reyerta contra Vox en Vallecas ensucia la campaña,El País,08-04-2021,"La reyerta contra Vox en Vallecas ensucia la campaña (El País, 08-04-2021) | "
133,Unidas Podemos se reivindica como “ el escudo social ” del Gobierno en el traspaso de carteras a Díaz y Belarra,El País,31-03-2021,"Unidas Podemos se reivindica como “ el escudo social ” del Gobierno en el traspaso de carteras a Díaz y Belarra (El País, 31-03-2021) | "
134,Un asesinato político,ABC,11-04-2021,"Un asesinato político (ABC, 11-04-2021) | "
135,Mañueco y Ayuso piden a Sánchez que « rectifique » en su « agresión » al fin del esquí en Navacerrada,ABC,10-04-2021,"Mañueco y Ayuso piden a Sánchez que « rectifique » en su « agresión » al fin del esquí en Navacerrada (ABC, 10-04-2021) | "
136,El Gobierno se divide en la condena a los radicales y cuestiona el papel de Santiago Abascal,ABC,09-04-2021,"El Gobierno se divide en la condena a los radicales y cuestiona el papel de Santiago Abascal (ABC, 09-04-2021) | "
137,"Bal niega que apoyar a Ayuso sea una « traición » a Aguado , pero señala que no estará en un Gobierno con Vox",ABC,08-04-2021,"Bal niega que apoyar a Ayuso sea una « traición » a Aguado , pero señala que no estará en un Gobierno con Vox (ABC, 08-04-2021) | "
138,"Abascal denuncia la traición de Cs , « el puñal naranja » , por abrir la puerta de Madrid a Iglesias",ABC,10-04-2021,"Abascal denuncia la traición de Cs , « el puñal naranja » , por abrir la puerta de Madrid a Iglesias (ABC, 10-04-2021) | "
139,Podemos justifica la violencia contra Vox en Vallecas : « Son unos pijos que han ido a provocar »,ABC,10-04-2021,"Podemos justifica la violencia contra Vox en Vallecas : « Son unos pijos que han ido a provocar » (ABC, 10-04-2021) | "
140,Iglesias justifica la violencia contra Vox durante su mitin de Vallecas,ABC,09-04-2021,"Iglesias justifica la violencia contra Vox durante su mitin de Vallecas (ABC, 09-04-2021) | "
141,"Abascal culpa a Sánchez , Marlaska y el « criminal patológico » Iglesias de la violencia contra Vox",ABC,08-04-2021,"Abascal culpa a Sánchez , Marlaska y el « criminal patológico » Iglesias de la violencia contra Vox (ABC, 08-04-2021) | "
142,"Vox , de nuevo víctima del totalitarismo",ABC,08-04-2021,"Vox , de nuevo víctima del totalitarismo (ABC, 08-04-2021) | "
143,EE .UU . denuncia los ataques a la prensa del Gobierno español en su informe anual de Derechos Humanos,ABC,04-04-2021,"EE .UU . denuncia los ataques a la prensa del Gobierno español en su informe anual de Derechos Humanos (ABC, 04-04-2021) | "
144,"Iglesias acusa a  "" Abascal y sus matones ""  de provocar la  "" carga ""  policial y la  "" violencia ""  en Vallecas",El Español,07-04-2021,"Iglesias acusa a  "" Abascal y sus matones ""  de provocar la  "" carga ""  policial y la  "" violencia ""  en Vallecas (El Español, 07-04-2021) | "
145,El ataque de Echenique a Televisión Española con un  'recado ' para Felipe VI,El Español,07-04-2021,"El ataque de Echenique a Televisión Española con un  'recado ' para Felipe VI (El Español, 07-04-2021) | "
146,"Iglesias utiliza la denuncia del futbolista Diakhaby en Cádiz para su campaña de que  "" Madrid es racista "" ",El Español,06-04-2021,"Iglesias utiliza la denuncia del futbolista Diakhaby en Cádiz para su campaña de que  "" Madrid es racista ""  (El Español, 06-04-2021) | "
147,"Enrique Santiago :  "" El PP añora el franquismo e Iglesias es un referente para los demócratas "" ",El Español,06-04-2021,"Enrique Santiago :  "" El PP añora el franquismo e Iglesias es un referente para los demócratas ""  (El Español, 06-04-2021) | "
148,"Atacan con material explosivo la sede de Podemos en Cartagena :  "" Es un atentado terrorista "" ",El Español,02-04-2021,"Atacan con material explosivo la sede de Podemos en Cartagena :  "" Es un atentado terrorista ""  (El Español, 02-04-2021) | "
149,"Abascal contra Enrique Santiago , nuevo secretario de Estado :  "" Sueña con asesinar a los Reyes "" ",El Español,01-04-2021,"Abascal contra Enrique Santiago , nuevo secretario de Estado :  "" Sueña con asesinar a los Reyes ""  (El Español, 01-04-2021) | "
150,La batalla de Madrid : Casado busca impulso en Ayuso y Gabilondo sigue apoyándose en Moncloa,El Español,10-04-2021,"La batalla de Madrid : Casado busca impulso en Ayuso y Gabilondo sigue apoyándose en Moncloa (El Español, 10-04-2021) | "
151,"Ayuso corre por todo Madrid en su nuevo vídeo de campaña para defender  "" la lucha por la libertad "" ",El Español,10-04-2021,"Ayuso corre por todo Madrid en su nuevo vídeo de campaña para defender  "" la lucha por la libertad ""  (El Español, 10-04-2021) | "
152,"Gabilondo :  "" Parece que entre comunismo o libertad , Ayuso elige Putin ""  al sondear la vacuna rusa",El Español,06-04-2021,"Gabilondo :  "" Parece que entre comunismo o libertad , Ayuso elige Putin ""  al sondear la vacuna rusa (El Español, 06-04-2021) | "
153,"Ayuso reta a Sánchez tras sus  "" ataques ""  a Madrid :  "" Mirándole a los ojos , nos vemos el 4-M en las urnas "" ",El Español,05-04-2021,"Ayuso reta a Sánchez tras sus  "" ataques ""  a Madrid :  "" Mirándole a los ojos , nos vemos el 4-M en las urnas ""  (El Español, 05-04-2021) | "
154,"Alberto Garzón :  "" Hay una derecha capitaneada por Ayuso y por Vox que hace bandera de la desigualdad en España "" ",eldiario.es,03/04-2021,"Alberto Garzón :  "" Hay una derecha capitaneada por Ayuso y por Vox que hace bandera de la desigualdad en España ""  (eldiario.es, 03/04-2021) | "
155,El PP arremete contra Pedro Sánchez por poner en duda los datos de contagios de Madrid,El Mundo,09-04-2021,"El PP arremete contra Pedro Sánchez por poner en duda los datos de contagios de Madrid (El Mundo, 09-04-2021) | "
156,"Pedradas , botellazos y gritos de  "" fascistas ""  : cargas policiales , heridos y detenidos en la protesta violenta por el mitin de Vox",El Mundo,08-04-2021,"Pedradas , botellazos y gritos de  "" fascistas ""  : cargas policiales , heridos y detenidos en la protesta violenta por el mitin de Vox (El Mundo, 08-04-2021) | "
157,"Bertrand Ndongo , asesor de Vox , se rebela contra su partido :  "" Damos la razón a los que piensan que Vox es racista "" ",El Mundo,06-04-2021,"Bertrand Ndongo , asesor de Vox , se rebela contra su partido :  "" Damos la razón a los que piensan que Vox es racista ""  (El Mundo, 06-04-2021) | "
158,"Enrique López , número 4 de la lista del PP en Madrid :  "" La campaña del  'turismo de borrachera ' ideada por Moncloa es miserable y sólo busca atacar a Ayuso "" ",El Mundo,05-04-2021,"Enrique López , número 4 de la lista del PP en Madrid :  "" La campaña del  'turismo de borrachera ' ideada por Moncloa es miserable y sólo busca atacar a Ayuso ""  (El Mundo, 05-04-2021) | "
159,"Sánchez arremete contra Ayuso por contraponer comunismo y libertad :  "" Cualquiera con dos dedos de frente sabe que ese dilema es falso "" ",El Mundo,04-04-2021,"Sánchez arremete contra Ayuso por contraponer comunismo y libertad :  "" Cualquiera con dos dedos de frente sabe que ese dilema es falso ""  (El Mundo, 04-04-2021) | "
160,"Almeida :  "" ¿ Madrileñofobia ? Moncloa estigmatiza Madrid porque es la gran amenaza para Sánchez "" ",El Mundo,27-03-2021,"Almeida :  "" ¿ Madrileñofobia ? Moncloa estigmatiza Madrid porque es la gran amenaza para Sánchez ""  (El Mundo, 27-03-2021) | "
161,"Iglesias justifica su candidatura en Madrid para acabar con la última  "" trinchera ""  que resiste al  "" gobierno de coalición "" ",El Mundo,27-03-2021,"Iglesias justifica su candidatura en Madrid para acabar con la última  "" trinchera ""  que resiste al  "" gobierno de coalición ""  (El Mundo, 27-03-2021) | "
162,Iglesias activa su modo agresivo : acusa a Ayuso de gestión « criminal » y a Vox de « apología del terrorismo »,ABC,13-04-2021,"Iglesias activa su modo agresivo : acusa a Ayuso de gestión « criminal » y a Vox de « apología del terrorismo » (ABC, 13-04-2021) | "
163,"Pablo Iglesias augura que muchos responsables regionales acabarán en prisión por la gestión  "" criminal ""  en las residencias",El Mundo,13-04-2021,"Pablo Iglesias augura que muchos responsables regionales acabarán en prisión por la gestión  "" criminal ""  en las residencias (El Mundo, 13-04-2021) | "
164,"Martínez-Almeida pide  "" lanzar un mensaje ""  el 4-M :  "" Con la reunificación del centroderecha pondremos fin al sanchismo "" ",El Mundo,13-04-2021,"Martínez-Almeida pide  "" lanzar un mensaje ""  el 4-M :  "" Con la reunificación del centroderecha pondremos fin al sanchismo ""  (El Mundo, 13-04-2021) | "
165,"Maroto arremete contra Sánchez :  "" En vez de atacar al virus , usted sólo ataca a Ayuso , y eso es indecente "" ",El Español,13-04-2021,"Maroto arremete contra Sánchez :  "" En vez de atacar al virus , usted sólo ataca a Ayuso , y eso es indecente ""  (El Español, 13-04-2021) | "
166,Objetivo policial : investigar la financiación de los grupos radicales de izquierdas,ABC,12-04-2021,"Objetivo policial : investigar la financiación de los grupos radicales de izquierdas (ABC, 12-04-2021) | "
167,"Madrid , una batalla más allá de una comunidad autónoma",eldiario.es,03/04-2021,"Madrid , una batalla más allá de una comunidad autónoma (eldiario.es, 03/04-2021) | "
168,Guerra de debates electorales en Madrid : no hay pacto ni en la fecha ni en las cadenas,ABC,14-04-2021,"Guerra de debates electorales en Madrid : no hay pacto ni en la fecha ni en las cadenas (ABC, 14-04-2021) | "
169,Stalin en el alma,ABC,14-04-2021,"Stalin en el alma (ABC, 14-04-2021) | "
170,Hay que equiparar el comunismo al nazismo,El Español,14-04-2021,"Hay que equiparar el comunismo al nazismo (El Español, 14-04-2021) | "
171,Iglesias continúa su batalla contra los medios de comunicación,ABC,13-04-2021,"Iglesias continúa su batalla contra los medios de comunicación (ABC, 13-04-2021) | "
172,Guerra de denuncias ante la Junta Electoral,ABC,11-04-2021,"Guerra de denuncias ante la Junta Electoral (ABC, 11-04-2021) | "
173,"Cantó entra en campaña y carga contra Iglesias :  "" Vuelve a Vallecas un millón de euros más rico "" ",El Español,03-04-2021,"Cantó entra en campaña y carga contra Iglesias :  "" Vuelve a Vallecas un millón de euros más rico ""  (El Español, 03-04-2021) | "
174,Iglesias defiende la “ diversidad ” frente al “ odio y los insultos ” de la derecha en Madrid,El País,18-04-2021,"Iglesias defiende la “ diversidad ” frente al “ odio y los insultos ” de la derecha en Madrid (El País, 18-04-2021) | "
175,Díaz Ayuso agita el fantasma del comunismo para movilizar el voto y atraer el apoyo de los inmigrantes,El País,18-04-2021,"Díaz Ayuso agita el fantasma del comunismo para movilizar el voto y atraer el apoyo de los inmigrantes (El País, 18-04-2021) | "
176,Susto o Muerte,El País,18-04-2021,"Susto o Muerte (El País, 18-04-2021) | "
177,Vox resucita un lema electoral de Batasuna para pedir el voto el 4-M,El País,17-04-2021,"Vox resucita un lema electoral de Batasuna para pedir el voto el 4-M (El País, 17-04-2021) | "
178,"Iglesias carga contra el PSOE por sus reticencias en materia LGTB : « Lo que se firma , se cumple »",ABC,17-04-2021,"Iglesias carga contra el PSOE por sus reticencias en materia LGTB : « Lo que se firma , se cumple » (ABC, 17-04-2021) | "
179,El desplome de Ángel Gabilondo blinda a Isabel Díaz Ayuso e impide a la izquierda ser alternativa,El Mundo,17-04-2021,"El desplome de Ángel Gabilondo blinda a Isabel Díaz Ayuso e impide a la izquierda ser alternativa (El Mundo, 17-04-2021) | "
180,Ciudadanos y Vox luchan por no ser devorados por el  'efecto Ayuso ' en las urnas,El Mundo,17-04-2021,"Ciudadanos y Vox luchan por no ser devorados por el  'efecto Ayuso ' en las urnas (El Mundo, 17-04-2021) | "
181,La campaña de fichajes bomba en Madrid,El País,16-04-2021,"La campaña de fichajes bomba en Madrid (El País, 16-04-2021) | "
182,El Gobierno sigue la estela de Madrid y lanza una campaña para animar a la vacunación,ABC,16-04-2021,"El Gobierno sigue la estela de Madrid y lanza una campaña para animar a la vacunación (ABC, 16-04-2021) | "
183,"Ayuso contra Sánchez :  "" Quiere subir impuestos en Madrid pero le da más autonomía al País Vasco "" ",El Español,16-04-2021,"Ayuso contra Sánchez :  "" Quiere subir impuestos en Madrid pero le da más autonomía al País Vasco ""  (El Español, 16-04-2021) | "
184,Vox se querella contra Marlaska por las agresiones en el mitin de Vallecas,El Mundo,16-04-2021,"Vox se querella contra Marlaska por las agresiones en el mitin de Vallecas (El Mundo, 16-04-2021) | "
185,"La violencia política , otra vez en campaña",ABC,15-04-2021,"La violencia política , otra vez en campaña (ABC, 15-04-2021) | "
186,Iglesias asegura que muchos responsables regionales « acabarán en prisión » por la gestión « criminal » en las residencias,ABC,15-04-2021,"Iglesias asegura que muchos responsables regionales « acabarán en prisión » por la gestión « criminal » en las residencias (ABC, 15-04-2021) | "
187,"Iglesias acusa a la Policía de ser dura sólo con la izquierda :  "" Con los nazis , ¿ no hay detenciones ? "" ",El Español,15-04-2021,"Iglesias acusa a la Policía de ser dura sólo con la izquierda :  "" Con los nazis , ¿ no hay detenciones ? ""  (El Español, 15-04-2021) | "
188,"Última hora | Gabilondo se propone  "" impedir que Madrid se convierta en la primera gran ciudad europea gobernada por la ultraderecha "" ",El Español,15-04-2021,"Última hora | Gabilondo se propone  "" impedir que Madrid se convierta en la primera gran ciudad europea gobernada por la ultraderecha ""  (El Español, 15-04-2021) | "
189,"Edmundo Bal , Begoña Villacís y la guerra civil",El Español,15-04-2021,"Edmundo Bal , Begoña Villacís y la guerra civil (El Español, 15-04-2021) | "
190,"Última hora | Iglesias lleva a la Fiscalía el cartel de Vox , que "" recuerda a propaganda nazi "" ",El Español,2021-04-12,"Última hora | Iglesias lleva a la Fiscalía el cartel de Vox , que "" recuerda a propaganda nazi ""  (El Español, 2021-04-12) | "
191,"Última hora | Vara , contrario a abandonar los debates : "" Hay que combatir con la palabra "" ",El Español,2021-04-12,"Última hora | Vara , contrario a abandonar los debates : "" Hay que combatir con la palabra ""  (El Español, 2021-04-12) | "
192,Vox se querella contra Marlaska por las agresiones en el mitin de Vallecas,El Mundo,2021-04-16,"Vox se querella contra Marlaska por las agresiones en el mitin de Vallecas (El Mundo, 2021-04-16) | "
193,Casado llama a combatir el « virus del populismo » con la defensa de la libertad,ABC,2021-04-16,"Casado llama a combatir el « virus del populismo » con la defensa de la libertad (ABC, 2021-04-16) | "
194,"Iglesias acusa a Ayuso de "" secuestrar "" a los madrileños para "" hacer caer "" la coalición",El Español,2021-04-17,"Iglesias acusa a Ayuso de "" secuestrar "" a los madrileños para "" hacer caer "" la coalición (El Español, 2021-04-17) | "
195,Ciudadanos y Vox luchan por no ser devorados por el ' efecto Ayuso ' en las urnas,El Mundo,2021-04-17,"Ciudadanos y Vox luchan por no ser devorados por el ' efecto Ayuso ' en las urnas (El Mundo, 2021-04-17) | "
196,El desplome de Ángel Gabilondo blinda a Isabel Díaz Ayuso e impide a la izquierda ser alternativa,El Mundo,2021-04-17,"El desplome de Ángel Gabilondo blinda a Isabel Díaz Ayuso e impide a la izquierda ser alternativa (El Mundo, 2021-04-17) | "
197,"Los candidatos se atacan antes de la campaña : de la "" incapacidad "" de Ayuso al "" acomplejado "" Gabilondo",El Español,2021-04-17,"Los candidatos se atacan antes de la campaña : de la "" incapacidad "" de Ayuso al "" acomplejado "" Gabilondo (El Español, 2021-04-17) | "
198,¡ A la bayoneta !,ABC,2021-04-18," ¡ A la bayoneta !  (ABC, 2021-04-18) | "
199,"En el fortín de Ayuso : "" La clase obrera está sufriendo mucho . Hay mucha gente descontenta con el PSOE "" ",El Mundo,2021-04-19,"En el fortín de Ayuso : "" La clase obrera está sufriendo mucho . Hay mucha gente descontenta con el PSOE ""  (El Mundo, 2021-04-19) | "
200,Elecciones 4M : Podcast ‘ La batalla por Madrid ’,El País,2021-04-19,"Elecciones 4M : Podcast ‘ La batalla por Madrid ’  (El País, 2021-04-19) | "
201,Podcast ‘ La batalla por Madrid ’,El País,2021-04-20,"Podcast ‘ La batalla por Madrid ’  (El País, 2021-04-20) | "
202,"La dirección de Casado pide en campaña a todos sus cargos que defiendan que el PSOE "" blanquea dictaduras "" ",eldiario.es,2021-04-20,"La dirección de Casado pide en campaña a todos sus cargos que defiendan que el PSOE "" blanquea dictaduras ""  (eldiario.es, 2021-04-20) | "
203,La guerra entre Más Madrid y Pablo Iglesias,El Confidencial,2021-04-20,"La guerra entre Más Madrid y Pablo Iglesias (El Confidencial, 2021-04-20) | "
204,Abascal valora defenderse al sufrir Vox un nuevo ataque,ABC,2021-04-21,"Abascal valora defenderse al sufrir Vox un nuevo ataque (ABC, 2021-04-21) | "
205,Podcast ‘ La batalla por Madrid ’ | Ep 3 . Escuchando a Vallecas,El País,2021-04-21,"Podcast ‘ La batalla por Madrid ’ | Ep 3 . Escuchando a Vallecas (El País, 2021-04-21) | "
206,Isabel Díaz Ayuso se enfrenta hoy a los ataques de todos los partidos en el único debate a seis,El Mundo,2021-04-21,"Isabel Díaz Ayuso se enfrenta hoy a los ataques de todos los partidos en el único debate a seis (El Mundo, 2021-04-21) | "
207,"Radiografía de Ángel Gabilondo , candidato del PSOE : amable pero sin carisma ante una batalla perdida",La Razón,2021-04-21,"Radiografía de Ángel Gabilondo , candidato del PSOE : amable pero sin carisma ante una batalla perdida (La Razón, 2021-04-21) | "
208,Sánchez ataca la campaña de Vox desde Andorra : « Es una bajeza inclasificable »,ABC,2021-04-21,"Sánchez ataca la campaña de Vox desde Andorra : « Es una bajeza inclasificable »  (ABC, 2021-04-21) | "
209,Vox incendia la campaña en Madrid al señalar a 269 menores extranjeros,El Confidencial,2021-04-21,"Vox incendia la campaña en Madrid al señalar a 269 menores extranjeros (El Confidencial, 2021-04-21) | "
210,La pandemia y los mayores en residencias centran una dura batalla dialéctica entre los candidatos al 4 - M,ABC,2021-04-21,"La pandemia y los mayores en residencias centran una dura batalla dialéctica entre los candidatos al 4 - M (ABC, 2021-04-21) | "
211,Marlaska y Pablo Iglesias denuncian una amenaza de muerte recibida en el Ministerio del Interior,El Mundo,2021-04-22,"Marlaska y Pablo Iglesias denuncian una amenaza de muerte recibida en el Ministerio del Interior (El Mundo, 2021-04-22) | "
212,Así fueron los ataques en el debate de las elecciones de Madrid,ABC,2021-04-22,"Así fueron los ataques en el debate de las elecciones de Madrid (ABC, 2021-04-22) | "
213,"Los datos del debate : quién se va por las ramas , los ataques y las interrupciones",El Confidencial,2021-04-22,"Los datos del debate : quién se va por las ramas , los ataques y las interrupciones (El Confidencial, 2021-04-22) | "
214,Iglesias y Marlaska reciben sendas amenazas de muerte con balas : “ El tiempo de reírte de nosotros se terminó ”,El País,2021-04-22,"Iglesias y Marlaska reciben sendas amenazas de muerte con balas : “ El tiempo de reírte de nosotros se terminó ”  (El País, 2021-04-22) | "
215,Podcast ‘ La batalla por Madrid ’ | Ep . 4 : Seis candidatos y un solo debate feroz,El País,2021-04-22,"Podcast ‘ La batalla por Madrid ’ | Ep . 4 : Seis candidatos y un solo debate feroz (El País, 2021-04-22) | "
216,Pablo Iglesias abandona un debate porque Vox “ no se cree ” las amenazas de muerte y Rocío Monasterio le dice : “ Lárguese ”,La Razón,2021-04-23,"Pablo Iglesias abandona un debate porque Vox “ no se cree ” las amenazas de muerte y Rocío Monasterio le dice : “ Lárguese ”  (La Razón, 2021-04-23) | "
217,"Calvo asegura que el Gobierno “ no parará hasta encontrar a los responsables ” de las amenazas a Marlaska , Gámez e Iglesias",El País,2021-04-23,"Calvo asegura que el Gobierno “ no parará hasta encontrar a los responsables ” de las amenazas a Marlaska , Gámez e Iglesias (El País, 2021-04-23) | "
218,"Díaz Ayuso , sobre Iglesias : “ No puede ser que quienes provocan la violencia luego se hagan los ofendidos ” ",El País,2021-04-23,"Díaz Ayuso , sobre Iglesias : “ No puede ser que quienes provocan la violencia luego se hagan los ofendidos ”  (El País, 2021-04-23) | "
219,Iglesias abandona un debate al poner en duda Monasterio que haya sido amenazado de muerte,El Español,2021-04-23,"Iglesias abandona un debate al poner en duda Monasterio que haya sido amenazado de muerte (El Español, 2021-04-23) | "
220,La verdadera historia del intérprete de signos ' antifascista ' que ' cortó ' el discurso de Monasterio,El Español,2021-04-23,"La verdadera historia del intérprete de signos ' antifascista ' que ' cortó ' el discurso de Monasterio (El Español, 2021-04-23) | "
221,"Ayuso a Iglesias : "" Si quieres que condenen la violencia , aléjate de ella y no tontees con ETA "" ",El Español,2021-04-23,"Ayuso a Iglesias : "" Si quieres que condenen la violencia , aléjate de ella y no tontees con ETA ""  (El Español, 2021-04-23) | "
222,Podcast ‘ La batalla por Madrid ’ | Ep . 5 : De bares y cañas con unos guiris,El País,2021-04-23,"Podcast ‘ La batalla por Madrid ’ | Ep . 5 : De bares y cañas con unos guiris (El País, 2021-04-23) | "
223,"Elecciones Madrid Mitin tranquilo de Vox en Parla : « Condenamos toda la violencia , pero lo de Iglesias apesta a montaje » ",ABC,2021-04-23,"Elecciones Madrid Mitin tranquilo de Vox en Parla : « Condenamos toda la violencia , pero lo de Iglesias apesta a montaje »  (ABC, 2021-04-23) | "
224,"Ayuso carga contra Pablo Iglesias : "" No puede ser que aquellos que provocan la violencia luego se hagan los ofendidos "" ",eldiario.es,2021-04-23,"Ayuso carga contra Pablo Iglesias : "" No puede ser que aquellos que provocan la violencia luego se hagan los ofendidos ""  (eldiario.es, 2021-04-23) | "
225,Los mítines de PSOE y Unidas Podemos se convierten en alegatos contra el fascismo tras el plante de la izquierda a Vox,eldiario.es,2021-04-23,"Los mítines de PSOE y Unidas Podemos se convierten en alegatos contra el fascismo tras el plante de la izquierda a Vox (eldiario.es, 2021-04-23) | "
226,Vox y UP secuestran la campaña y convierten el 4 - M en un plebiscito sobre la democracia,El Confidencial,2021-04-23,"Vox y UP secuestran la campaña y convierten el 4 - M en un plebiscito sobre la democracia (El Confidencial, 2021-04-23) | "
227,Vox incendia la campaña al no condenar las amenazas a Iglesias : Unidas Podemos y Más Madrid no participarán en más debates con Monasterio,eldiario.es,2021-04-23,"Vox incendia la campaña al no condenar las amenazas a Iglesias : Unidas Podemos y Más Madrid no participarán en más debates con Monasterio (eldiario.es, 2021-04-23) | "
228,Vox copia las técnicas de propaganda nazi,El País,2021-04-23,"Vox copia las técnicas de propaganda nazi (El País, 2021-04-23) | "
229,"Pablo Iglesias , sobre las amenazas de muerte : "" Hoy son balas de cetme , mañana ya veremos "" ",eldiario.es,2021-04-23,"Pablo Iglesias , sobre las amenazas de muerte : "" Hoy son balas de cetme , mañana ya veremos ""  (eldiario.es, 2021-04-23) | "
230,"Ayuso pide no caer "" en guerras estériles "" el 4M mientras Casado acusa a la izquierda de "" resucitar al dóberman "" ",eldiario.es,2021-04-24,"Ayuso pide no caer "" en guerras estériles "" el 4M mientras Casado acusa a la izquierda de "" resucitar al dóberman ""  (eldiario.es, 2021-04-24) | "
231,"Illa cree que en Madrid se está produciendo "" un combate entre democracia y fascismo "" ",El Español,2021-04-24,"Illa cree que en Madrid se está produciendo "" un combate entre democracia y fascismo ""  (El Español, 2021-04-24) | "
232,Gabilondo acusa al PP de ' equidistancia ' al condenar las amenazas de muerte contra Iglesias y Marlaska,El Español,2021-04-24,"Gabilondo acusa al PP de ' equidistancia ' al condenar las amenazas de muerte contra Iglesias y Marlaska (El Español, 2021-04-24) | "
233,"Colau pide no normalizar el fascismo y apoya a Iglesias ante "" las amenazas de la extrema derecha "" ",eldiario.es,2021-04-24,"Colau pide no normalizar el fascismo y apoya a Iglesias ante "" las amenazas de la extrema derecha ""  (eldiario.es, 2021-04-24) | "
234,"El clic de abril : de "" socialismo o libertad "" a "" democracia o fascismo "" ",El Mundo,2021-04-24,"El clic de abril : de "" socialismo o libertad "" a "" democracia o fascismo ""  (El Mundo, 2021-04-24) | "
235,Vox dinamita la campaña : se suspenden todos los debates y sus mítines se convierten en un polvorín,El Español,2021-04-24,"Vox dinamita la campaña : se suspenden todos los debates y sus mítines se convierten en un polvorín (El Español, 2021-04-24) | "
236,Elecciones en Madrid : El choque Iglesias - Vox dinamita la campaña,La Razón,2021-04-24,"Elecciones en Madrid : El choque Iglesias - Vox dinamita la campaña (La Razón, 2021-04-24) | "
237,"El PSOE clama contra la "" equidistancia "" del PP y plantea el 4M como una batalla entre "" fascismo o democracia "" ",eldiario.es,2021-04-24,"El PSOE clama contra la "" equidistancia "" del PP y plantea el 4M como una batalla entre "" fascismo o democracia ""  (eldiario.es, 2021-04-24) | "
238,Grande - Marlaska llama al PP “ organización criminal ” y Pablo Casado le responde : “ Criminal son los etarras que acerca ”,La Razón,2021-04-25,"Grande - Marlaska llama al PP “ organización criminal ” y Pablo Casado le responde : “ Criminal son los etarras que acerca ”  (La Razón, 2021-04-25) | "
239,Quien con fuego juega . .,El País,2021-04-25,"Quien con fuego juega . .  (El País, 2021-04-25) | "
240,La manipulación de la violencia en campaña,La Razón,2021-04-25,"La manipulación de la violencia en campaña (La Razón, 2021-04-25) | "
241,Antifascismo y claves : Iglesias viaja al siglo XX para remontar en la segunda semana de la campaña,La Razón,2021-04-25,"Antifascismo y claves : Iglesias viaja al siglo XX para remontar en la segunda semana de la campaña (La Razón, 2021-04-25) | "
242,"El PP pide la dimisión de Marlaska por tachar al partido de "" organización criminal "" ",El Mundo,2021-04-25,"El PP pide la dimisión de Marlaska por tachar al partido de "" organización criminal ""  (El Mundo, 2021-04-25) | "
243,La izquierda reinventa la campaña : “ Ya va de democracia o fascismo ”,El País,2021-04-25,"La izquierda reinventa la campaña : “ Ya va de democracia o fascismo ”  (El País, 2021-04-25) | "
244,"Última hora de las elecciones en Madrid , en directo | Montero defiende el “ pie en la pared ” de Iglesias ante Vox y reclama : “ Al fascismo ni agua ” ",El País,2021-04-25,"Última hora de las elecciones en Madrid , en directo | Montero defiende el “ pie en la pared ” de Iglesias ante Vox y reclama : “ Al fascismo ni agua ”  (El País, 2021-04-25) | "
245,"Bal rechaza el mensaje "" binario "" de ' democracia o fascismo ' : "" No sólo hay buenos y malos en Madrid "" ",El Español,2021-04-25,"Bal rechaza el mensaje "" binario "" de ' democracia o fascismo ' : "" No sólo hay buenos y malos en Madrid ""  (El Español, 2021-04-25) | "
246,"Pedro Sánchez arremete contra Vox desde una zona confinada : "" El viernes cruzó una línea y será la última que cruce "" ",El Mundo,2021-04-25,"Pedro Sánchez arremete contra Vox desde una zona confinada : "" El viernes cruzó una línea y será la última que cruce ""  (El Mundo, 2021-04-25) | "
247,Antifascismo y claveles : Iglesias viaja al siglo XX para remontar en la segunda semana de la campaña,La Razón,2021-04-25,"Antifascismo y claveles : Iglesias viaja al siglo XX para remontar en la segunda semana de la campaña (La Razón, 2021-04-25) | "
248,Gabilondo : “ El 4 - M va de defender las libertades frente a una reivindicación fascista ”,El País,2021-04-25,"Gabilondo : “ El 4 - M va de defender las libertades frente a una reivindicación fascista ”  (El País, 2021-04-25) | "
249,De Púnica al ‘ caso Pujol ’ : el concepto de “ organización criminal ” con el que Grande - Marlaska se refirió al PP,El País,2021-04-26,"De Púnica al ‘ caso Pujol ’ : el concepto de “ organización criminal ” con el que Grande - Marlaska se refirió al PP (El País, 2021-04-26) | "
250,"Última hora de las elecciones en Madrid , en directo | Gabilondo anuncia “ un cordón sanitario ” contra Vox : “ Entre fascismo y antifascismo no hay neutralidad . Hay que elegir ” ",El País,2021-04-26,"Última hora de las elecciones en Madrid , en directo | Gabilondo anuncia “ un cordón sanitario ” contra Vox : “ Entre fascismo y antifascismo no hay neutralidad . Hay que elegir ”  (El País, 2021-04-26) | "
251,Sánchez y Ayuso radicalizan la campaña combatiendo a fascismo y comunismo,El Español,2021-04-26,"Sánchez y Ayuso radicalizan la campaña combatiendo a fascismo y comunismo (El Español, 2021-04-26) | "
252,"Gabilondo defiende las palabras de Marlaska en las que calificó al PP de "" organización criminal "" ",El Mundo,2021-04-26,"Gabilondo defiende las palabras de Marlaska en las que calificó al PP de "" organización criminal ""  (El Mundo, 2021-04-26) | "
253,"La ministra Maroto , tras denunciar en comisaría : "" Todos los demócratas estamos amenazados de muerte si no paramos a Vox en las urnas "" ",eldiario.es,2021-04-26,"La ministra Maroto , tras denunciar en comisaría : "" Todos los demócratas estamos amenazados de muerte si no paramos a Vox en las urnas ""  (eldiario.es, 2021-04-26) | "
254,"Un hombre con problemas mentales envió el sobre con la navaja ensangrentada a Reyes Maroto , según la Policía",El Mundo,2021-04-26,"Un hombre con problemas mentales envió el sobre con la navaja ensangrentada a Reyes Maroto , según la Policía (El Mundo, 2021-04-26) | "
255,La ministra Reyes Maroto recibe una carta con una navaja aparentemente ensangrentada,El País,2021-04-26,"La ministra Reyes Maroto recibe una carta con una navaja aparentemente ensangrentada (El País, 2021-04-26) | "
256,Amenaza a Reyes Maroto : recibe un sobre con una navaja ensangrentada en la sede del Ministerio,ABC,2021-04-26,"Amenaza a Reyes Maroto : recibe un sobre con una navaja ensangrentada en la sede del Ministerio (ABC, 2021-04-26) | "
257,"Podcast ‘ La batalla por Madrid ’ | Ep . 6 : Tú amenazas , yo provoco , ellos blanquean",El País,2021-04-26,"Podcast ‘ La batalla por Madrid ’ | Ep . 6 : Tú amenazas , yo provoco , ellos blanquean (El País, 2021-04-26) | "
258,La ministra Reyes Maroto recibe un sobre con una navaja ensangrentada,eldiario.es,2021-04-26,"La ministra Reyes Maroto recibe un sobre con una navaja ensangrentada (eldiario.es, 2021-04-26) | "
259,Elecciones Madrid Ayuso califica de « deleznables » las acusaciones de « organización criminal » de Marlaska contra el PP,ABC,2021-04-26,"Elecciones Madrid Ayuso califica de « deleznables » las acusaciones de « organización criminal » de Marlaska contra el PP (ABC, 2021-04-26) | "
260,El PP sale en tromba para exigir la dimisión de Marlaska tras llamar a ese partido « organización criminal »,ABC,2021-04-26,"El PP sale en tromba para exigir la dimisión de Marlaska tras llamar a ese partido « organización criminal »  (ABC, 2021-04-26) | "
261,"Maroto : "" Los demócratas estamos amenazados de muerte si no paramos a Vox en las urnas "" ",El Español,2021-04-26,"Maroto : "" Los demócratas estamos amenazados de muerte si no paramos a Vox en las urnas ""  (El Español, 2021-04-26) | "
262,La ministra Reyes Maroto recibe una carta con una navaja “ aparentemente ensangrentada ”,La Razón,2021-04-26,"La ministra Reyes Maroto recibe una carta con una navaja “ aparentemente ensangrentada ”  (La Razón, 2021-04-26) | "
263,La ministra Reyes Maroto recibe un sobre con una navaja ensangrentada,El Español,2021-04-26,"La ministra Reyes Maroto recibe un sobre con una navaja ensangrentada (El Español, 2021-04-26) | "
264,"Interior investiga el envío de una navaja "" aparentemente ensangrentada "" a Maroto",El Confidencial,2021-04-26,"Interior investiga el envío de una navaja "" aparentemente ensangrentada "" a Maroto (El Confidencial, 2021-04-26) | "
265,Contundente respuesta de Figo a Pablo Iglesias después de su ataque a Ana Rosa Quintana,La Razón,2021-04-26,"Contundente respuesta de Figo a Pablo Iglesias después de su ataque a Ana Rosa Quintana (La Razón, 2021-04-26) | "
266,"Pablo Iglesias se jacta de haber arrastrado a Pedro Sánchez a sus posiciones "" antifascistas "" ",El Español,2021-04-26,"Pablo Iglesias se jacta de haber arrastrado a Pedro Sánchez a sus posiciones "" antifascistas ""  (El Español, 2021-04-26) | "
267,Casado rechaza todas las amenazas y agresiones en la campaña y llama a salir de la radicalidad,ABC,2021-04-26,"Casado rechaza todas las amenazas y agresiones en la campaña y llama a salir de la radicalidad (ABC, 2021-04-26) | "
268,Fascismo en campaña,eldiario.es,2021-04-26,"Fascismo en campaña (eldiario.es, 2021-04-26) | "
269,Las amenazas de muerte a Iglesias y miembros del Gobierno acaparan todos los focos de la campaña,eldiario.es,2021-04-26,"Las amenazas de muerte a Iglesias y miembros del Gobierno acaparan todos los focos de la campaña (eldiario.es, 2021-04-26) | "
270,Vox cifra en 200 los ataques sufridos en campaña,La Razón,2021-04-27,"Vox cifra en 200 los ataques sufridos en campaña (La Razón, 2021-04-27) | "
271,"Fascismo no , comunismo tampoco",La Razón,2021-04-27,"Fascismo no , comunismo tampoco (La Razón, 2021-04-27) | "
272,Ni siquiera la agresividad de Vox sirve para dar un vuelco a la izquierda a la campaña,El Español,2021-04-27,"Ni siquiera la agresividad de Vox sirve para dar un vuelco a la izquierda a la campaña (El Español, 2021-04-27) | "
273,"La amenaza que recibió una candidata de Vox el mismo día que Pablo Iglesias : “ Nazi , te vamos a reventar ” ",La Razón,2021-04-27,"La amenaza que recibió una candidata de Vox el mismo día que Pablo Iglesias : “ Nazi , te vamos a reventar ”  (La Razón, 2021-04-27) | "
274,Rocío Monasterio carga contra Reyes Maroto : “ Ha sido tremendamente imprudente al atacar a Vox ”,La Razón,2021-04-27,"Rocío Monasterio carga contra Reyes Maroto : “ Ha sido tremendamente imprudente al atacar a Vox ”  (La Razón, 2021-04-27) | "
275,"Abascal : « La violencia no le conviene a Vox , beneficia a la izquierda , por eso la perpetra » ",ABC,2021-04-27,"Abascal : « La violencia no le conviene a Vox , beneficia a la izquierda , por eso la perpetra »  (ABC, 2021-04-27) | "
276,"Pablo Iglesias : "" El fascismo y los discursos del odio son un mecanismo para que no cambien las cosas "" ",eldiario.es,2021-04-27,"Pablo Iglesias : "" El fascismo y los discursos del odio son un mecanismo para que no cambien las cosas ""  (eldiario.es, 2021-04-27) | "
277,La izquierda se divide sobre la conveniencia de explotar las amenazas como munición para el 4 - M,ABC,2021-04-27,"La izquierda se divide sobre la conveniencia de explotar las amenazas como munición para el 4 - M (ABC, 2021-04-27) | "
278,Almeida acusa a la izquierda de « doble rasero » y de « legitimar el ataque » a Vox en Vallecas,ABC,2021-04-27,"Almeida acusa a la izquierda de « doble rasero » y de « legitimar el ataque » a Vox en Vallecas (ABC, 2021-04-27) | "
279,Madrid fulmina a la izquierda,ABC,2021-04-27,"Madrid fulmina a la izquierda (ABC, 2021-04-27) | "
280,Iglesias mete a la Corona en campaña por no condenar la “ violencia fascista ”,La Razón,2021-04-27,"Iglesias mete a la Corona en campaña por no condenar la “ violencia fascista ”  (La Razón, 2021-04-27) | "
281,Ìglesias mete a la Corona en campaña por no condenar la “ violencia fascista ”,La Razón,2021-04-27,"Ìglesias mete a la Corona en campaña por no condenar la “ violencia fascista ”  (La Razón, 2021-04-27) | "
282,"No , no era el fascismo",El Español,2021-04-27,"No , no era el fascismo (El Español, 2021-04-27) | "
283,"Pablo Iglesias afea que la Casa Real "" no haya condenado "" las amenazas de muerte recibidas",El Español,2021-04-27,"Pablo Iglesias afea que la Casa Real "" no haya condenado "" las amenazas de muerte recibidas (El Español, 2021-04-27) | "
284,"Almeida acusa a PSOE de "" legitimar los ataques a Vox "" y los socialistas responden que "" siempre "" han condenado la violencia",El Mundo,2021-04-27,"Almeida acusa a PSOE de "" legitimar los ataques a Vox "" y los socialistas responden que "" siempre "" han condenado la violencia (El Mundo, 2021-04-27) | "
285,Cs y Vox abandonan el pleno de Madrid y acusan a la izquierda de no condenar la violencia,El Confidencial,2021-04-27,"Cs y Vox abandonan el pleno de Madrid y acusan a la izquierda de no condenar la violencia (El Confidencial, 2021-04-27) | "
286,"Almeida acusa a PSOE y Más Madrid de "" legitimar los ataques a Vox "" mientras "" revientan la campaña "" con "" un clima de confrontación "" ",El Mundo,2021-04-27,"Almeida acusa a PSOE y Más Madrid de "" legitimar los ataques a Vox "" mientras "" revientan la campaña "" con "" un clima de confrontación ""  (El Mundo, 2021-04-27) | "
287,"Abascal niega que a Vox le beneficie la violencia : « Beneficia a la izquierda , por eso la perpetra » ",ABC,2021-04-27,"Abascal niega que a Vox le beneficie la violencia : « Beneficia a la izquierda , por eso la perpetra »  (ABC, 2021-04-27) | "
288,"La izquierda se aferra a la "" amenaza fascista "" pese a que el cuchillo a Maroto lo envió un esquizofrénico",El Español,2021-04-27,"La izquierda se aferra a la "" amenaza fascista "" pese a que el cuchillo a Maroto lo envió un esquizofrénico (El Español, 2021-04-27) | "
289,Más Madrid desangra al PSOE y le roba ya más de 85 . 000 votos,El Mundo,2021-04-27,"Más Madrid desangra al PSOE y le roba ya más de 85 . 000 votos (El Mundo, 2021-04-27) | "
290,"Iglesias : "" El fascismo y los discursos del odio son un mecanismo para que no cambien las cosas "" ",eldiario.es,2021-04-27,"Iglesias : "" El fascismo y los discursos del odio son un mecanismo para que no cambien las cosas ""  (eldiario.es, 2021-04-27) | "
291,El « doble rasero » del PSOE para condenar la violencia crispa Cibeles,ABC,2021-04-27,"El « doble rasero » del PSOE para condenar la violencia crispa Cibeles (ABC, 2021-04-27) | "
292,"La violencia , rechazo y aprovechamiento",ABC,2021-04-27,"La violencia , rechazo y aprovechamiento (ABC, 2021-04-27) | "
293,Elecciones Madrid La burbuja de las redes sociales en la batalla de Sol : más agitación que influencia y votos,ABC,2021-04-27,"Elecciones Madrid La burbuja de las redes sociales en la batalla de Sol : más agitación que influencia y votos (ABC, 2021-04-27) | "
294,Libertad e igualdad : las guerras culturales que pasan por las aulas,El Mundo,2021-04-27,"Libertad e igualdad : las guerras culturales que pasan por las aulas (El Mundo, 2021-04-27) | "
295,Europa se blinda frente a la variante india de la covid mientras España espera,La Razón,2021-04-27,"Europa se blinda frente a la variante india de la covid mientras España espera (La Razón, 2021-04-27) | "
296,Podcast ‘ La batalla por Madrid ’ | Ep . 7 : En el epicentro de la salud pública,El País,2021-04-27,"Podcast ‘ La batalla por Madrid ’ | Ep . 7 : En el epicentro de la salud pública (El País, 2021-04-27) | "
297,Fascismo o democracia,ABC,2021-04-27,"Fascismo o democracia (ABC, 2021-04-27) | "
298,Edmundo Bal envía una carta a los otros cinco candidatos para que firmen un pacto contra la violencia,ABC,2021-04-28,"Edmundo Bal envía una carta a los otros cinco candidatos para que firmen un pacto contra la violencia (ABC, 2021-04-28) | "
299,Pablo Iglesias recibe en la sede de la Guardia Civil otra carta con proyectiles y una amenaza de muerte,El Español,2021-04-28,"Pablo Iglesias recibe en la sede de la Guardia Civil otra carta con proyectiles y una amenaza de muerte (El Español, 2021-04-28) | "
300,"Una web vende camisetas con Iglesias en una diana y ensangrentado : "" Se busca vivo o muerto "" ",El Español,2021-04-28,"Una web vende camisetas con Iglesias en una diana y ensangrentado : "" Se busca vivo o muerto ""  (El Español, 2021-04-28) | "
301,Denuncian ante la Fiscalía la venta de camisetas con la imagen de Pablo Iglesias ensangrentado,La Razón,2021-04-28,"Denuncian ante la Fiscalía la venta de camisetas con la imagen de Pablo Iglesias ensangrentado (La Razón, 2021-04-28) | "
302,La Guardia Civil intercepta una carta con varios proyectiles y una amenaza de muerte dirigida a Pablo Iglesias,El Mundo,2021-04-28,"La Guardia Civil intercepta una carta con varios proyectiles y una amenaza de muerte dirigida a Pablo Iglesias (El Mundo, 2021-04-28) | "
303,"Denunciada una tienda por vender camisetas con el rostro de Pablo Iglesias ensangrentado , con una diana en la cabeza o el texto : "" Se busca vivo o muerto "" ",eldiario.es,2021-04-28,"Denunciada una tienda por vender camisetas con el rostro de Pablo Iglesias ensangrentado , con una diana en la cabeza o el texto : "" Se busca vivo o muerto ""  (eldiario.es, 2021-04-28) | "
304,‘ Podcast ’ ‘ La batalla por Madrid ’ | Ep . 8 : El ‘ factor Venezuela ’,El País,2021-04-28," ‘ Podcast ’ ‘ La batalla por Madrid ’ | Ep . 8 : El ‘ factor Venezuela ’  (El País, 2021-04-28) | "
305,Edmundo Bal lanza un manifiesto al resto de candidatos para condenar la violencia y renunciar a la crispación,El Mundo,2021-04-28,"Edmundo Bal lanza un manifiesto al resto de candidatos para condenar la violencia y renunciar a la crispación (El Mundo, 2021-04-28) | "
306,"Indignación en la Policía con Iglesias por denunciar "" ultras infiltrados "" : "" Odia las Fuerzas de Seguridad "" ",El Español,2021-04-28,"Indignación en la Policía con Iglesias por denunciar "" ultras infiltrados "" : "" Odia las Fuerzas de Seguridad ""  (El Español, 2021-04-28) | "
307,Nuevos envíos de amenazas de muerte con balas sacuden la recta final de la campaña,eldiario.es,2021-04-28,"Nuevos envíos de amenazas de muerte con balas sacuden la recta final de la campaña (eldiario.es, 2021-04-28) | "
308,Todo es fascismo,El Mundo,2021-04-28,"Todo es fascismo (El Mundo, 2021-04-28) | "
309,Podcast ‘ La batalla por Madrid ’ | Ep . 8 : El factor Venezuela,El País,2021-04-28,"Podcast ‘ La batalla por Madrid ’ | Ep . 8 : El factor Venezuela (El País, 2021-04-28) | "
310,Al fascismo se le destruye en las urnas,El País,2021-04-28,"Al fascismo se le destruye en las urnas (El País, 2021-04-28) | "
311,"La batalla en la ciudad : PP , Vox y Cs tienen una ventaja de casi 10 puntos",La Razón,2021-04-28,"La batalla en la ciudad : PP , Vox y Cs tienen una ventaja de casi 10 puntos (La Razón, 2021-04-28) | "
312,"Bal pide al resto de candidatos un pacto por el "" respeto y la conciliación "" frente a la violencia",El Español,2021-04-28,"Bal pide al resto de candidatos un pacto por el "" respeto y la conciliación "" frente a la violencia (El Español, 2021-04-28) | "
313,Elecciones Madrid El uso de ' nazismo ' y ' Holocausto ' en la campaña electoral : lo que piensa la comunidad judía,ABC,2021-04-28,"Elecciones Madrid El uso de ' nazismo ' y ' Holocausto ' en la campaña electoral : lo que piensa la comunidad judía (ABC, 2021-04-28) | "
314," « Estás muerta » y « fascista » , las amenazas que recibía Ayuso en la carta",ABC,2021-04-28," « Estás muerta » y « fascista » , las amenazas que recibía Ayuso en la carta (ABC, 2021-04-28) | "
315,La celebración del Dos de Mayo como colofón de la campaña electoral dispara la tensión entre los partidos,El País,2021-04-29,"La celebración del Dos de Mayo como colofón de la campaña electoral dispara la tensión entre los partidos (El País, 2021-04-29) | "
316,Podcast ‘ La batalla por Madrid ’ | Ep . 9 : ¿ Es Madrid un paraíso fiscal ? ,El País,2021-04-29,"Podcast ‘ La batalla por Madrid ’ | Ep . 9 : ¿ Es Madrid un paraíso fiscal ?  (El País, 2021-04-29) | "
317,El PP propone que las víctimas de ETA tengan voz sobre la situación penitenciaria de los presos de la banda,eldiario.es,2021-04-28,"El PP propone que las víctimas de ETA tengan voz sobre la situación penitenciaria de los presos de la banda (eldiario.es, 2021-04-28) | "
318," "" Traidor , amargada , rata , fascista "" : Cs despliega una lona y pide que vuelva "" el Madrid de la concordia "" ",El Español,2021-04-29," "" Traidor , amargada , rata , fascista "" : Cs despliega una lona y pide que vuelva "" el Madrid de la concordia ""  (El Español, 2021-04-29) | "
319,El PSOE da otro bandazo en la campaña y Gabilondo ya sólo lucha por el liderazgo de la izquierda,El Español,2021-04-29,"El PSOE da otro bandazo en la campaña y Gabilondo ya sólo lucha por el liderazgo de la izquierda (El Español, 2021-04-29) | "
320,"Iglesias encaja otro golpe de hemeroteca : « No hay que lloriquear por las amenazas » , decía en 2019",ABC,2021-04-29,"Iglesias encaja otro golpe de hemeroteca : « No hay que lloriquear por las amenazas » , decía en 2019 (ABC, 2021-04-29) | "
321,Falsedades y medias verdades en campaña | De la inexistente condena al PP por ‘ organización criminal ’ al supuesto mejor hospital de pandemias del mundo,El País,2021-04-29,"Falsedades y medias verdades en campaña | De la inexistente condena al PP por ‘ organización criminal ’ al supuesto mejor hospital de pandemias del mundo (El País, 2021-04-29) | "
322, ‘ Podcast ’ ‘ La batalla por Madrid ’ | Ep . 10 : Lucha de gigantes,El País,2021-04-30," ‘ Podcast ’ ‘ La batalla por Madrid ’ | Ep . 10 : Lucha de gigantes (El País, 2021-04-30) | "
323,El Madrid de Rocío Monasterio : « Hablo con mis hijos de política ; les digo que el sacrificio vale la pena » ,La Razón,2021-04-30,"El Madrid de Rocío Monasterio : « Hablo con mis hijos de política ; les digo que el sacrificio vale la pena »  (La Razón, 2021-04-30) | "
324,Pablo Echenique acusa a Ayuso de “ justificar ” el terrorismo al decir que Iglesias “ nació del mal para hacer el mal ” ,La Razón,2021-04-29,"Pablo Echenique acusa a Ayuso de “ justificar ” el terrorismo al decir que Iglesias “ nació del mal para hacer el mal ”  (La Razón, 2021-04-29) | "
325,La Fundación Franco cuenta con Vox para evitar su ilegalización,La Razón,2021-04-29,"La Fundación Franco cuenta con Vox para evitar su ilegalización (La Razón, 2021-04-29) | "
326,La lucha por el voto de Ciudadanos : en estos 13 distritos y 10 municipios se juega el destino de Madrid,El Español,2021-04-30,"La lucha por el voto de Ciudadanos : en estos 13 distritos y 10 municipios se juega el destino de Madrid (El Español, 2021-04-30) | "
327,Elecciones Madrid | Ábalos compara el Madrid de Ayuso con el régimen franquista,El Confidencial,2021-04-30,"Elecciones Madrid | Ábalos compara el Madrid de Ayuso con el régimen franquista (El Confidencial, 2021-04-30) | "
328,Falsedades y medias verdades en campaña | De las mentiras del voto por correo de Vox al bulo sobre las dictaduras comunistas,El País,2021-04-30,"Falsedades y medias verdades en campaña | De las mentiras del voto por correo de Vox al bulo sobre las dictaduras comunistas (El País, 2021-04-30) | "
329,"Ábalos arremete contra Ayuso por sus "" ocurrencias alocadas "" y por mantener "" una relación impúdica con la ultraderecha "" ",El Mundo,2021-04-30,"Ábalos arremete contra Ayuso por sus "" ocurrencias alocadas "" y por mantener "" una relación impúdica con la ultraderecha ""  (El Mundo, 2021-04-30) | "
330,Las excusas para no acudir a una mesa electoral en las elecciones en Madrid se disparan un 43 % ,La Razón,2021-04-30,"Las excusas para no acudir a una mesa electoral en las elecciones en Madrid se disparan un 43 %  (La Razón, 2021-04-30) | "
331,"Ayuso , de motera y a golpe de rock , publica un nuevo vídeo electoral : « Seguiremos peleando porque sois los mejores » ",ABC,2021-04-30,"Ayuso , de motera y a golpe de rock , publica un nuevo vídeo electoral : « Seguiremos peleando porque sois los mejores »  (ABC, 2021-04-30) | "
332,"Así fue el tapón a las residencias de mayores de Madrid , hospital por hospital : el 73 % de muertos no fue trasladado",El País,2021-05-01,"Así fue el tapón a las residencias de mayores de Madrid , hospital por hospital : el 73 % de muertos no fue trasladado (El País, 2021-05-01) | "
333,Iglesias equipara la libertad que pide Ayuso con la época del franquismo,La Razón,2021-04-30,"Iglesias equipara la libertad que pide Ayuso con la época del franquismo (La Razón, 2021-04-30) | "
334,"Ábalos compara a Ayuso con Franco y dice que Madrid "" es lo más parecido a una dictadura "" ",El Español,2021-04-30,"Ábalos compara a Ayuso con Franco y dice que Madrid "" es lo más parecido a una dictadura ""  (El Español, 2021-04-30) | "
335,Una bala en la urna,ABC,2021-04-29,"Una bala en la urna (ABC, 2021-04-29) | "
336,Feijóo censura que se haga campaña en Madrid con Correos y se pregunta cómo se detecta ántrax y no balas,ABC,2021-04-29,"Feijóo censura que se haga campaña en Madrid con Correos y se pregunta cómo se detecta ántrax y no balas (ABC, 2021-04-29) | "
337,"Así fue el tapón a las residencias de mayores de Madrid , hospital por hospital : el 73 % de muertos no fue trasladado a un centro médico",El País,2021-05-01,"Así fue el tapón a las residencias de mayores de Madrid , hospital por hospital : el 73 % de muertos no fue trasladado a un centro médico (El País, 2021-05-01) | "
338,De balas y cañas,El País,2021-04-30,"De balas y cañas (El País, 2021-04-30) | "
339,"Casado arremete contra Iglesias : "" No sólo le pagamos la niñera , sino a matones que patean a la Policía "" ",El Mundo,2021-05-01,"Casado arremete contra Iglesias : "" No sólo le pagamos la niñera , sino a matones que patean a la Policía ""  (El Mundo, 2021-05-01) | "
340,Isabel Díaz Ayuso carga contra Iglesias por contratar “ matones ” para agredir a policías,La Razón,2021-05-01,"Isabel Díaz Ayuso carga contra Iglesias por contratar “ matones ” para agredir a policías (La Razón, 2021-05-01) | "
341,Los libros de la semana : del desencuentro entre Hitler y Mussolini a la fina comedia de Eduardo Mendoza,La Razón,2021-05-01,"Los libros de la semana : del desencuentro entre Hitler y Mussolini a la fina comedia de Eduardo Mendoza (La Razón, 2021-05-01) | "
342,"Monedero : "" Frente a sus balas , nuestros votos . Si ganamos es porque Iglesias bajó a Madrid "" ",El Español,2021-04-30,"Monedero : "" Frente a sus balas , nuestros votos . Si ganamos es porque Iglesias bajó a Madrid ""  (El Español, 2021-04-30) | "
343,"El autor de las cartas con balas a Iglesias , Marlaska y Gámez usó una plantilla para ocultar su caligrafía",El Español,2021-04-29,"El autor de las cartas con balas a Iglesias , Marlaska y Gámez usó una plantilla para ocultar su caligrafía (El Español, 2021-04-29) | "
344,"La ofensiva de Iglesias contra Vox , de justificar la violencia al escolta detenido",ABC,2021-05-01,"La ofensiva de Iglesias contra Vox , de justificar la violencia al escolta detenido (ABC, 2021-05-01) | "
345,Casado exige a Sánchez una condena « contra los matones de Iglesias que patearon a la Policía » ,ABC,2021-05-01,"Casado exige a Sánchez una condena « contra los matones de Iglesias que patearon a la Policía »  (ABC, 2021-05-01) | "
346,Iglesias : “ En España se ha normalizado el fascismo ” ,El País,2021-05-02,"Iglesias : “ En España se ha normalizado el fascismo ”  (El País, 2021-05-02) | "
347,Interior ocultó en plena campaña que dos ' escoltas ' de Podemos lideraron los ataques a Vox en Vallecas y fueron detenidos,El Mundo,2021-05-01,"Interior ocultó en plena campaña que dos ' escoltas ' de Podemos lideraron los ataques a Vox en Vallecas y fueron detenidos (El Mundo, 2021-05-01) | "
348,Ese fascismo del que usted me habla,eldiario.es,2021-05-01,"Ese fascismo del que usted me habla (eldiario.es, 2021-05-01) | "
349,Casado exige a Sánchez que asuma responsabilidades por la detención de los « matones » de Iglesias,ABC,2021-05-02,"Casado exige a Sánchez que asuma responsabilidades por la detención de los « matones » de Iglesias (ABC, 2021-05-02) | "
350,"El cierre de la campaña electoral del 4 - M , en directo | Hana Jalloul , número dos del PSOE : “ Madrid merece un Gobierno sin el veneno de la ultraderecha y el fascismo ” ",El País,2021-05-02,"El cierre de la campaña electoral del 4 - M , en directo | Hana Jalloul , número dos del PSOE : “ Madrid merece un Gobierno sin el veneno de la ultraderecha y el fascismo ”  (El País, 2021-05-02) | "
351,"Así fue el tapón a las residencias de mayores de Madrid , hospital por hospital : el 73 % de muertos no fueron trasladados a un centro médico",El País,2021-05-01,"Así fue el tapón a las residencias de mayores de Madrid , hospital por hospital : el 73 % de muertos no fueron trasladados a un centro médico (El País, 2021-05-01) | "
352,Podcast ‘ La batalla por Madrid ’ | Ep . 11 : El último chotis,El País,2021-05-03,"Podcast ‘ La batalla por Madrid ’ | Ep . 11 : El último chotis (El País, 2021-05-03) | "
353,"Sánchez y Ayuso , batalla final",El País,2021-05-03,"Sánchez y Ayuso , batalla final (El País, 2021-05-03) | "
354,Podemos cierra la campaña más tensa con una defensa de la democracia frente al fascismo,El País,2021-05-02,"Podemos cierra la campaña más tensa con una defensa de la democracia frente al fascismo (El País, 2021-05-02) | "
355,Vox cierra una campaña acosado por la violencia y convencido de que será la clave de Madrid,El Mundo,2021-05-02,"Vox cierra una campaña acosado por la violencia y convencido de que será la clave de Madrid (El Mundo, 2021-05-02) | "
356,"Pablo Iglesias y Yolanda Díaz apelan a la movilización masiva "" de la clase trabajadora "" contra "" los enemigos de la democracia "" ",eldiario.es,2021-05-02,"Pablo Iglesias y Yolanda Díaz apelan a la movilización masiva "" de la clase trabajadora "" contra "" los enemigos de la democracia ""  (eldiario.es, 2021-05-02) | "
357,"Iglesias cierra la campaña acusando al PP de Ayuso de "" enemigo arrogante y violento de la democracia "" ",El Español,2021-05-02,"Iglesias cierra la campaña acusando al PP de Ayuso de "" enemigo arrogante y violento de la democracia ""  (El Español, 2021-05-02) | "
358,"Abascal cierra la campaña atacando a Iglesias , « el machito alfa llorón » ",ABC,2021-05-02,"Abascal cierra la campaña atacando a Iglesias , « el machito alfa llorón »  (ABC, 2021-05-02) | "
359, ‘ Podcast ’ ‘ La batalla por Madrid ’ | Ep . 11 : El último chotis,El País,2021-05-03," ‘ Podcast ’ ‘ La batalla por Madrid ’ | Ep . 11 : El último chotis (El País, 2021-05-03) | "
360,"El poco carisma de Gabilondo , la agresividad de García y el egocentrismo de Iglesias",La Razón,2021-05-03,"El poco carisma de Gabilondo , la agresividad de García y el egocentrismo de Iglesias (La Razón, 2021-05-03) | "
361,Los “ escoltas ” de Iglesias lideraron el ataque a la Policía en Vallecas,La Razón,2021-05-02,"Los “ escoltas ” de Iglesias lideraron el ataque a la Policía en Vallecas (La Razón, 2021-05-02) | "
362,La izquierda agarra la bandera de la lucha obrera para tumbar a la derecha en Madrid,Público,2021-05-01,"La izquierda agarra la bandera de la lucha obrera para tumbar a la derecha en Madrid (Público, 2021-05-01) | "
363,Hanna Arendt y la normalización del fascismo,Público,2021-04-30,"Hanna Arendt y la normalización del fascismo (Público, 2021-04-30) | "
364,Ayuso arremete contra Iglesias mientras la izquierda apura sus posibilidades,Público,2021-04-29,"Ayuso arremete contra Iglesias mientras la izquierda apura sus posibilidades (Público, 2021-04-29) | "
365,"Ayuso arremete contra Sanidad y defiende la corrida del 2 de mayo : "" El Gobierno tiene que olvidarse de la campaña de Madrid "" ",Público,2021-04-29,"Ayuso arremete contra Sanidad y defiende la corrida del 2 de mayo : "" El Gobierno tiene que olvidarse de la campaña de Madrid ""  (Público, 2021-04-29) | "
366,Tezanos ataca a Ayuso antes del 4 - M y llama tabernarios a los votantes del PP,El Confidencial,2021-05-03,"Tezanos ataca a Ayuso antes del 4 - M y llama tabernarios a los votantes del PP (El Confidencial, 2021-05-03) | "
367,El 4 - M salta a Zaragoza : una querella por incitación al odio y muchos ataques cruzados,El Confidencial,2021-05-04,"El 4 - M salta a Zaragoza : una querella por incitación al odio y muchos ataques cruzados (El Confidencial, 2021-05-04) | "
368,De la libertad a las amenazas de muerte : seis instantes clave de la campaña más polémica,El País,2021-05-03,"De la libertad a las amenazas de muerte : seis instantes clave de la campaña más polémica (El País, 2021-05-03) | "
369,"Tezanos arremete contra Ayuso : critica su "" escasa entidad intelectual y política "" ",El Español,2021-05-04,"Tezanos arremete contra Ayuso : critica su "" escasa entidad intelectual y política ""  (El Español, 2021-05-04) | "
370,"La participación se dispara entre 5 y 7 puntos en las grandes ciudades del norte y el sur , pero no en la capital",La Razón,2021-05-04,"La participación se dispara entre 5 y 7 puntos en las grandes ciudades del norte y el sur , pero no en la capital (La Razón, 2021-05-04) | "
371,El derrumbe del metro de Ciudad de México provoca al menos 23 muertos y más de 70 heridos,La Razón,2021-05-04,"El derrumbe del metro de Ciudad de México provoca al menos 23 muertos y más de 70 heridos (La Razón, 2021-05-04) | "
372,Balance final de la campaña electoral,El Español,2021-05-04,"Balance final de la campaña electoral (El Español, 2021-05-04) | "
373,De la gran mancha azul al batacazo del PSOE : ocho gráficos que resumen la noche electoral,El Confidencial,2021-05-05,"De la gran mancha azul al batacazo del PSOE : ocho gráficos que resumen la noche electoral (El Confidencial, 2021-05-05) | "
374,Batacazo de Sánchez con el peor resultado histórico del PSOE en Madrid y es superado por Más Madrid,ABC,2021-05-04,"Batacazo de Sánchez con el peor resultado histórico del PSOE en Madrid y es superado por Más Madrid (ABC, 2021-05-04) | "
375,José María Carrascal : Batacazo,ABC,2021-05-04,"José María Carrascal : Batacazo (ABC, 2021-05-04) | "
376,Podcast ‘ La batalla por Madrid ’ | Ep . 12 : Así ganó Ayuso,El País,2021-05-05,"Podcast ‘ La batalla por Madrid ’ | Ep . 12 : Así ganó Ayuso (El País, 2021-05-05) | "
377,Urnas sin sables,El País,2021-05-04,"Urnas sin sables (El País, 2021-05-04) | "
378,El balance de los politólogos : el triunfo de una campaña sin testosterona,El País,2021-05-04,"El balance de los politólogos : el triunfo de una campaña sin testosterona (El País, 2021-05-04) | "
379,La participación en las elecciones de Madrid se dispara por encima del 75 % ,El País,2021-05-04,"La participación en las elecciones de Madrid se dispara por encima del 75 %  (El País, 2021-05-04) | "
380,Récord histórico de participación : se dispara hasta alcanzar el 76 % ,El Mundo,2021-05-04,"Récord histórico de participación : se dispara hasta alcanzar el 76 %  (El Mundo, 2021-05-04) | "
381,El PSOE se desangra en Madrid y pone en entredicho a Moncloa,El Mundo,2021-05-05,"El PSOE se desangra en Madrid y pone en entredicho a Moncloa (El Mundo, 2021-05-05) | "
382,Resultados elecciones : Pablo Iglesias deja la política tras su batacazo en Madrid : “ No contribuyo ” ,La Razón,2021-05-04,"Resultados elecciones : Pablo Iglesias deja la política tras su batacazo en Madrid : “ No contribuyo ”  (La Razón, 2021-05-04) | "
383,50 . 000 muertes desde que Sánchez dio por vencido al virus,La Razón,2021-05-05,"50 . 000 muertes desde que Sánchez dio por vencido al virus (La Razón, 2021-05-05) | "
384,Dani Mateo ahora es ' facha ' : el mensaje que le ha valido las críticas de la izquierda,El Español,2021-05-05,"Dani Mateo ahora es ' facha ' : el mensaje que le ha valido las críticas de la izquierda (El Español, 2021-05-05) | "
385,Vallecas también es territorio Ayuso : la guerra entre Vox y Podemos por el barrio la gana el PP,El Español,2021-05-05,"Vallecas también es territorio Ayuso : la guerra entre Vox y Podemos por el barrio la gana el PP (El Español, 2021-05-05) | "
386,Las 31 preguntas sin respuesta que plantea la aplastante victoria de Ayuso en Madrid,El Español,2021-05-04,"Las 31 preguntas sin respuesta que plantea la aplastante victoria de Ayuso en Madrid (El Español, 2021-05-04) | "
387,Elecciones en Madrid Mónica García catapulta a Más Madrid a la segunda fuerza y consigue un histórico ' sorpasso ' en votos al PSOE,Público,2021-05-04,"Elecciones en Madrid Mónica García catapulta a Más Madrid a la segunda fuerza y consigue un histórico ' sorpasso ' en votos al PSOE (Público, 2021-05-04) | "
388,El cazanazis casi se canta ' El Necio ' ,Público,2021-05-05,"El cazanazis casi se canta ' El Necio '  (Público, 2021-05-05) | "
389,"Elecciones en Madrid Pablo Iglesias : "" El mérito de lo que pasó en el debate es de la gente que vio que esta campaña va de fascismo o democracia "" ",Público,2021-04-25,"Elecciones en Madrid Pablo Iglesias : "" El mérito de lo que pasó en el debate es de la gente que vio que esta campaña va de fascismo o democracia ""  (Público, 2021-04-25) | "
390,El exjemad Julio Rodríguez será diputado tras tres intentos y un fallido asalto a la alcaldía,El Confidencial,2021-05-05,"El exjemad Julio Rodríguez será diputado tras tres intentos y un fallido asalto a la alcaldía (El Confidencial, 2021-05-05) | "
391,Casado da por muerto a Cs y proclama el regreso del PP : “ Volvemos a ser el gran partido de España ” ,El País,2021-05-05,"Casado da por muerto a Cs y proclama el regreso del PP : “ Volvemos a ser el gran partido de España ”  (El País, 2021-05-05) | "
392,Más País y sus socios exploran cómo extender el éxito de Más Madrid por toda España,El País,2021-05-05,"Más País y sus socios exploran cómo extender el éxito de Más Madrid por toda España (El País, 2021-05-05) | "
393,Urnas y sables,El País,2021-05-04,"Urnas y sables (El País, 2021-05-04) | "
394,"El PSOE asume el batacazo en Madrid : "" Hemos sufrido una derrota que no esperábamos "" ",El Mundo,2021-05-05,"El PSOE asume el batacazo en Madrid : "" Hemos sufrido una derrota que no esperábamos ""  (El Mundo, 2021-05-05) | "
395,"Carmen Calvo usa la victoria de Ayuso para atacar a Casado : "" Queda claro que es el dos del PP "" ",El Español,2021-05-05,"Carmen Calvo usa la victoria de Ayuso para atacar a Casado : "" Queda claro que es el dos del PP ""  (El Español, 2021-05-05) | "
396,"Arrimadas no dimite , promete “ relanzar ” Ciudadanos y achaca su batacazo a la polarización",El Español,2021-05-05,"Arrimadas no dimite , promete “ relanzar ” Ciudadanos y achaca su batacazo a la polarización (El Español, 2021-05-05) | "
397,"Ley de mercado abierto , golpe a la ' armonización fiscal ' y voz del PP en los fondos europeos : la economía tras el 4M",El Español,2021-05-05,"Ley de mercado abierto , golpe a la ' armonización fiscal ' y voz del PP en los fondos europeos : la economía tras el 4M (El Español, 2021-05-05) | "
398,Pedro Sánchez activa una operación estética tras el golpe de las elecciones en Madrid,La Razón,2021-05-06,"Pedro Sánchez activa una operación estética tras el golpe de las elecciones en Madrid (La Razón, 2021-05-06) | "
399,La hecatombe en Madrid abre una nueva guerra en el PSOE con Gabilondo y Franco en el disparadero,eldiario.es,2021-05-05,"La hecatombe en Madrid abre una nueva guerra en el PSOE con Gabilondo y Franco en el disparadero (eldiario.es, 2021-05-05) | "
400,"Despedida en dos actos de Pablo Iglesias , el hombre que se propuso asaltar los cielos y consiguió ser vicepresidente del Gobierno",eldiario.es,2021-05-05,"Despedida en dos actos de Pablo Iglesias , el hombre que se propuso asaltar los cielos y consiguió ser vicepresidente del Gobierno (eldiario.es, 2021-05-05) | "
401,Una gestora dirigirá el PSOE de Madrid tras dimitir Franco como secretario general,El Confidencial,2021-05-06,"Una gestora dirigirá el PSOE de Madrid tras dimitir Franco como secretario general (El Confidencial, 2021-05-06) | "
403,Iglesias elevó el trasvase de votos al PP al plantear el debate democracia - fascismo,ABC,2021-05-05,"Iglesias elevó el trasvase de votos al PP al plantear el debate democracia - fascismo (ABC, 2021-05-05) | "
404,La batalla de los nuevos maquiavelos,ABC,2021-05-05,"La batalla de los nuevos maquiavelos (ABC, 2021-05-05) | "
405,José Manuel Franco presenta su dimisión como secretario general del PSOE de Madrid,El País,2021-05-06,"José Manuel Franco presenta su dimisión como secretario general del PSOE de Madrid (El País, 2021-05-06) | "
406,"Iglesias y Monasterio son los responsables de la crispación de la campaña madrileña , según el CIS",El País,2021-05-06,"Iglesias y Monasterio son los responsables de la crispación de la campaña madrileña , según el CIS (El País, 2021-05-06) | "
411,"Dimite José Manuel Franco , líder del PSOE de Madrid , por el batacazo del 4M",eldiario.es,2021-05-06,"Dimite José Manuel Franco , líder del PSOE de Madrid , por el batacazo del 4M (eldiario.es, 2021-05-06) | "
417,Franco deja la secretaría general del PSOE de Madrid tras el 4 - M : una gestora dirigirá el partido,El Español,2021-05-06,"Franco deja la secretaría general del PSOE de Madrid tras el 4 - M : una gestora dirigirá el partido (El Español, 2021-05-06) | "
424,Elecciones en Madrid José Manuel Franco dimite como secretario general del PSOE de Madrid y Ferraz nombrará una gestora,Público,2021-05-06,"Elecciones en Madrid José Manuel Franco dimite como secretario general del PSOE de Madrid y Ferraz nombrará una gestora (Público, 2021-05-06) | "
